OurAirports_name,icao,iata,countryLabel,lat,lon,filename
Herat - Khwaja Abdullah Ansari International Airport,OAHR,HEA,Afghanistan,34.21005556,62.22794444,mapbox_34.21005556_62.22794444_0.png
Kabul International Airport,OAKB,KBL,Afghanistan,34.56586111,69.21230556,mapbox_34.56586111_69.21230556_1.png
Ahmad Shah Baba International Airport,OAKN,KDH,Afghanistan,31.50722222,65.85027778,mapbox_31.50722222_65.85027778_2.png
Tirana International Airport Mother Teresa,LATI,TIA,Albania,41.41472222,19.72055556,mapbox_41.41472222_19.72055556_4.png
Houari Boumediene Airport,DAAG,ALG,Algeria,36.69444444,3.216944444,mapbox_36.69444444_3.216944444_7.png
Annaba Rabah Bitat Airport,DABB,AAE,Algeria,36.822222,7.809444,mapbox_36.822222_7.809444_8.png
Soummam__bane Ramdane Airport,DAAE,BJA,Algeria,36.71197222,5.069472222,mapbox_36.71197222_5.069472222_9.png
Biskra - Mohamed Khider Airport,DAUB,BSK,Algeria,34.79336111,5.738305555,mapbox_34.79336111_5.738305555_10.png
Chlef Aboubakr Belkaid International Airport,DAOI,CFK,Algeria,36.21480556,1.335638888,mapbox_36.21480556_1.335638888_12.png
Jijel Ferhat Abbas Airport,DAAV,GJL,Algeria,36.79513611,5.873608333,mapbox_36.79513611_5.873608333_15.png
Mohamed Boudiaf International Airport,DABC,CZL,Algeria,36.282417,6.617056,mapbox_36.282417_6.617056_16.png
Batna Mostefa Ben Boulaid Airport,DABT,BLJ,Algeria,35.75180556,6.30925,mapbox_35.75180556_6.30925_17.png
Oran Es-Sénia (Ahmed Ben Bella) International Airport,DAOO,ORN,Algeria,35.627222,-0.611389,mapbox_35.627222_-0.611389_19.png
Zenata _ Messali El Hadj Airport,DAON,TLM,Algeria,35.01336111,-1.457527777,mapbox_35.01336111_-1.457527777_2.png
Dr. Antonio Agostinho Neto International Airport,FNBJ,NBJ,Angola,-9.050480555,13.49996667,mapbox_-9.050480555_13.49996667_3.png
Quatro de Fevereiro International Airport,FNLU,LAD,Angola,-8.858083333,13.23119444,mapbox_-8.858083333_13.23119444_6.png
V. C. Bird International Airport,TAPA,ANU,Antigua and Barbuda,17.13666667,-61.79305556,mapbox_17.13666667_-61.79305556_7.png
El Calafate - Commander Armando Tola International Airport,SAWC,FTE,Argentina,-50.28,-72.05305556,mapbox_-50.28_-72.05305556_11.png
General Enrique Mosconi International Airport,SAVC,CRD,Argentina,-45.78527778,-67.46555556,mapbox_-45.78527778_-67.46555556_16.png
Gobernador Horacio Guzman International Airport,SASJ,JUJ,Argentina,-24.3925,-65.09777778,mapbox_-24.3925_-65.09777778_17.png
Governor Francisco Gabrielli International Airport,SAME,MDZ,Argentina,-32.83166667,-68.79277778,mapbox_-32.83166667_-68.79277778_18.png
Ingeniero Aeronáutico Ambrosio L.V. Taravella International Airport,SACO,COR,Argentina,-31.31,-64.20833333,mapbox_-31.31_-64.20833333_19.png
Martín Miguel de Güemes International Airport,SASA,SLA,Argentina,-24.85972222,-65.48694444,mapbox_-24.85972222_-65.48694444_20.png
Ezeiza International Airport - Ministro Pistarini,SAEZ,EZE,Argentina,-34.82222222,-58.53583333,mapbox_-34.82222222_-58.53583333_21.png
Piloto Civil Norberto Fernández International Airport,SAWG,RGL,Argentina,-51.60881,-69.31217,mapbox_-51.60881_-69.31217_22.png
Presidente Perón International Airport,SAZN,NQN,Argentina,-38.95137,-68.14057,mapbox_-38.95137_-68.14057_23.png
Resistencia International Airport,SARE,RES,Argentina,-27.45,-59.05611111,mapbox_-27.45_-59.05611111_24.png
Rosario Islas Malvinas International Airport,SAAR,ROS,Argentina,-32.90361111,-60.78444444,mapbox_-32.90361111_-60.78444444_25.png
Teniente Luis Candelaria International Airport,SAZS,BRC,Argentina,-41.15111111,-71.15777778,mapbox_-41.15111111_-71.15777778_26.png
Teniente Benjamín Matienzo International Airport,SANT,TUC,Argentina,-26.84083333,-65.10472222,mapbox_-26.84083333_-65.10472222_28.png
Shirak International Airport,UDSG,LWN,Armenia,40.75027778,43.85916667,mapbox_40.75027778_43.85916667_30.png
Zvartnots International Airport,UDYZ,EVN,Armenia,40.14722222,44.39583333,mapbox_40.14722222_44.39583333_31.png
Queen Beatrix International Airport,TNCA,AUA,Aruba,12.50138889,-70.01527778,mapbox_12.50138889_-70.01527778_32.png
Adelaide International Airport,YPAD,ADL,Australia,-34.945,138.5305556,mapbox_-34.945_138.5305556_33.png
Melbourne Avalon International Airport,YMAV,AVV,Australia,-38.039444,144.469444,mapbox_-38.039444_144.469444_34.png
Brisbane International Airport,YBBN,BNE,Australia,-27.38333333,153.1183333,mapbox_-27.38333333_153.1183333_35.png
Broome International Airport,YBRM,BME,Australia,-17.94472222,122.2316667,mapbox_-17.94472222_122.2316667_36.png
Cairns International Airport,YBCS,CNS,Australia,-16.88583333,145.7552778,mapbox_-16.88583333_145.7552778_37.png
Darwin International Airport / RAAF Darwin,YPDN,DRW,Australia,-12.41472222,130.8766667,mapbox_-12.41472222_130.8766667_39.png
Hobart International Airport,YMHB,HBA,Australia,-42.836112,147.510278,mapbox_-42.836112_147.510278_40.png
Melbourne Airport,YMML,MEL,Australia,-37.67333333,144.8433333,mapbox_-37.67333333_144.8433333_41.png
Perth International Airport,YPPH,PER,Australia,-31.94,115.965,mapbox_-31.94_115.965_42.png
Port Hedland International Airport,YPPD,PHE,Australia,-20.37777778,118.6263889,mapbox_-20.37777778_118.6263889_43.png
Sydney Kingsford Smith International Airport,YSSY,SYD,Australia,-33.94833333,151.1761111,mapbox_-33.94833333_151.1761111_44.png
Graz Airport,LOWG,GRZ,Austria,46.99305556,15.43916667,mapbox_46.99305556_15.43916667_45.png
Innsbruck Airport,LOWI,INN,Austria,47.26027778,11.34388889,mapbox_47.26027778_11.34388889_46.png
Klagenfurt Airport,LOWK,KLU,Austria,46.64277778,14.33722222,mapbox_46.64277778_14.33722222_47.png
Linz-Hörsching Airport,LOWL,LNZ,Austria,48.23527778,14.18805556,mapbox_48.23527778_14.18805556_48.png
Salzburg Airport,LOWS,SZG,Austria,47.79444444,13.00333333,mapbox_47.79444444_13.00333333_49.png
Vienna International Airport,LOWW,VIE,Austria,48.11027778,16.56972222,mapbox_48.11027778_16.56972222_50.png
Ganja International Airport,UBBG,GNJ,Azerbaijan,40.73777778,46.3175,mapbox_40.73777778_46.3175_52.png
Heydar Aliyev International Airport,UBBB,GYD,Azerbaijan,40.4675,50.04666667,mapbox_40.4675_50.04666667_53.png
Bahrain International Airport,OBBI,BAH,Bahrain,26.27083333,50.63361111,mapbox_26.27083333_50.63361111_58.png
Hazrat Shahjalal International Airport,VGHS,DAC,Bangladesh,23.845,90.4005,mapbox_23.845_90.4005_59.png
Osmany International Airport,VGSY,ZYL,Bangladesh,24.96333333,91.86694444,mapbox_24.96333333_91.86694444_60.png
Shah Amanat International Airport,VGEG,CGP,Bangladesh,22.24972222,91.81333333,mapbox_22.24972222_91.81333333_61.png
Grantley Adams International Airport,TBPB,BGI,Barbados,13.07472222,-59.4925,mapbox_13.07472222_-59.4925_62.png
Brest International Airport,UMBB,BQT,Belarus,52.10833333,23.89805556,mapbox_52.10833333_23.89805556_63.png
Minsk National Airport,UMMS,MSQ,Belarus,53.8825,28.0325,mapbox_53.8825_28.0325_65.png
Brussels Airport,EBBR,BRU,Belgium,50.90138889,4.484444444,mapbox_50.90138889_4.484444444_67.png
Ostend-Bruges International Airport,EBOS,OST,Belgium,51.200278,2.870278,mapbox_51.200278_2.870278_69.png
Philip S. W. Goldson International Airport,MZBZ,BZE,Belize,17.53916667,-88.30833333,mapbox_17.53916667_-88.30833333_70.png
Cotonou Cadjehoun International Airport,DBBB,COO,Benin,6.355833333,2.385,mapbox_6.355833333_2.385_71.png
Paro International Airport,VQPR,PBH,Bhutan,27.40881944,89.42058056,mapbox_27.40881944_89.42058056_72.png
El Alto International Airport,SLLP,LPB,Bolivia,-16.51333333,-68.19222222,mapbox_-16.51333333_-68.19222222_73.png
Jorge Wilsterman International Airport,SLCB,CBB,Bolivia,-17.42083333,-66.17694444,mapbox_-17.42083333_-66.17694444_74.png
Viru Viru International Airport,SLVR,VVI,Bolivia,-17.64472222,-63.13527778,mapbox_-17.64472222_-63.13527778_76.png
Banja Luka International Airport,LQBK,BNX,Bosnia and Herzegovina,44.94138889,17.2975,mapbox_44.94138889_17.2975_77.png
Mostar International Airport,LQMO,OMO,Bosnia and Herzegovina,43.28277778,17.84583333,mapbox_43.28277778_17.84583333_78.png
Sarajevo International Airport,LQSA,SJJ,Bosnia and Herzegovina,43.82472222,18.33138889,mapbox_43.82472222_18.33138889_79.png
Tuzla International Airport,LQTZ,TZL,Bosnia and Herzegovina,44.45861111,18.72472222,mapbox_44.45861111_18.72472222_80.png
Kasane International Airport,FBKE,BBK,Botswana,-17.82972222,25.16305556,mapbox_-17.82972222_25.16305556_82.png
Maun International Airport,FBMN,MUB,Botswana,-19.9725,23.43111111,mapbox_-19.9725_23.43111111_83.png
Sir Seretse Khama International Airport,FBSK,GBE,Botswana,-24.55583,25.92306,mapbox_-24.55583_25.92306_84.png
Curitiba-Afonso Pena International Airport,SBCT,CWB,Brazil,-25.53166667,-49.17611111,mapbox_-25.53166667_-49.17611111_85.png
Val de Cans/Júlio Cezar Ribeiro International Airport,SBBE,BEL,Brazil,-1.38472,-48.47889,mapbox_-1.38472_-48.47889_87.png
Atlas Brasil Cantanhede International Airport,SBBV,BVB,Brazil,2.84139,-60.69222,mapbox_2.84139_-60.69222_88.png
Presidente Juscelino Kubitschek International Airport,SBBR,BSB,Brazil,-15.87111111,-47.91861111,mapbox_-15.87111111_-47.91861111_89.png
Deputado Luiz Eduardo Magalhães International Airport,SBSV,SSA,Brazil,-12.90861,-38.3225,mapbox_-12.90861_-38.3225_95.png
Hercílio Luz International Airport,SBFL,FLN,Brazil,-27.67027778,-48.5525,mapbox_-27.67027778_-48.5525_96.png
Cataratas International Airport,SBFI,IGU,Brazil,-25.60028,-54.485,mapbox_-25.60028_-54.485_97.png
Governador Jorge Teixeira de Oliveira International Airport,SBPV,PVH,Brazil,-8.713611111,-63.90277778,mapbox_-8.713611111_-63.90277778_99.png
Rio Grande do Norte/São Gonçalo do Amarante__overnador Aluízio Alves International Airport,SBSG,NAT,Brazil,-5.76889,-35.36639,mapbox_-5.76889_-35.36639_100.png
Zumbi dos Palmares International Airport,SBMO,MCZ,Brazil,-9.517222222,-35.78361111,mapbox_-9.517222222_-35.78361111_102.png
Eduardo Gomes International Airport,SBEG,MAO,Brazil,-3.041111111,-60.05055556,mapbox_-3.041111111_-60.05055556_103.png
Marechal Cunha Machado International Airport,SBSL,SLZ,Brazil,-2.586944444,-44.23611111,mapbox_-2.586944444_-44.23611111_104.png
Várzea Grande__arechal Rondon International Airport,SBCY,CGB,Brazil,-15.65,-56.1175,mapbox_-15.65_-56.1175_105.png
Ministro Victor Konder International Airport,SBNF,NVT,Brazil,-26.88,-48.65138889,mapbox_-26.88_-48.65138889_106.png
Pinto Martins International Airport,SBFZ,FOR,Brazil,-3.775833333,-38.53222222,mapbox_-3.775833333_-38.53222222_108.png
Presidente Castro Pinto International Airport,SBJP,JPA,Brazil,-7.145833333,-34.94861111,mapbox_-7.145833333_-34.94861111_109.png
Rio Branco-Plácido de Castro International Airport,SBRB,RBR,Brazil,-9.991944444,-67.80472222,mapbox_-9.991944444_-67.80472222_110.png
Recife/Guararapes - Gilberto Freyre International Airport,SBRF,REC,Brazil,-8.126388888,-34.92277778,mapbox_-8.126388888_-34.92277778_111.png
Rio Galeão _ Tom Jobim International Airport,SBGL,GIG,Brazil,-22.81,-43.25055556,mapbox_-22.81_-43.25055556_113.png
Porto Alegre-Salgado Filho International Airport,SBPA,POA,Brazil,-29.99388889,-51.17111111,mapbox_-29.99388889_-51.17111111_115.png
São Paulo/Guarulhos__overnor André Franco Montoro International Airport,SBGR,GRU,Brazil,-23.43555556,-46.47305556,mapbox_-23.43555556_-46.47305556_116.png
Tancredo Neves International Airport,SBCF,CNF,Brazil,-19.62388889,-43.97138889,mapbox_-19.62388889_-43.97138889_118.png
Viracopos International Airport,SBKP,VCP,Brazil,-23.00694444,-47.13444444,mapbox_-23.00694444_-47.13444444_119.png
Brunei International Airport,WBSB,BWN,Brunei,4.945277777,114.9336111,mapbox_4.945277777_114.9336111_120.png
Burgas Airport,LBBG,BOJ,Bulgaria,42.57027778,27.51527778,mapbox_42.57027778_27.51527778_121.png
Plovdiv International Airport,LBPD,PDV,Bulgaria,42.067778,24.850833,mapbox_42.067778_24.850833_122.png
Sofia Airport,LBSF,SOF,Bulgaria,42.695,23.40833333,mapbox_42.695_23.40833333_123.png
Varna Airport,LBWN,VAR,Bulgaria,43.23194444,27.82527778,mapbox_43.23194444_27.82527778_124.png
Bobo Dioulasso Airport,DFOO,BOY,Burkina Faso,11.16,-4.330833,mapbox_11.16_-4.330833_125.png
Bujumbura Melchior Ndadaye International Airport,HBBA,BJM,Burundi,-3.324019444,29.31851944,mapbox_-3.324019444_29.31851944_126.png
Phnom Penh International Airport,VDPP,PNH,Cambodia,11.54638889,104.8438889,mapbox_11.54638889_104.8438889_127.png
Techo International Airport,VDTI,KTI,Cambodia,11.362917,104.916611,mapbox_11.362917_104.916611_128.png
Siem Reap-Angkor International Airport,VDSA,SAI,Cambodia,13.36916667,104.2230556,mapbox_13.36916667_104.2230556_130.png
Sihanouk International Airport,VDSV,KOS,Cambodia,10.58,103.6369444,mapbox_10.58_103.6369444_131.png
Douala International Airport,FKKD,DLA,Cameroon,4.005833333,9.719444444,mapbox_4.005833333_9.719444444_132.png
Garoua International Airport,FKKR,GOU,Cameroon,9.335833333,13.37,mapbox_9.335833333_13.37_133.png
Yaoundé Nsimalen International Airport,FKYS,NSI,Cameroon,3.7225,11.553333,mapbox_3.7225_11.553333_134.png
Calgary International Airport,CYYC,YYC,Canada,51.113889,-114.020278,mapbox_51.113889_-114.020278_136.png
Edmonton International Airport,CYEG,YEG,Canada,53.31,-113.5794444,mapbox_53.31_-113.5794444_138.png
Halifax / Stanfield International Airport,CYHZ,YHZ,Canada,44.8797,-63.5103,mapbox_44.8797_-63.5103_144.png
Kelowna International Airport,CYLW,YLW,Canada,49.9572,-119.378,mapbox_49.9572_-119.378_146.png
Montreal / Pierre Elliott Trudeau International Airport,CYUL,YUL,Canada,45.4706,-73.7408,mapbox_45.4706_-73.7408_150.png
Ottawa Macdonald-Cartier International Airport,CYOW,YOW,Canada,45.3225,-75.6672,mapbox_45.3225_-75.6672_151.png
Quebec Jean Lesage International Airport,CYQB,YQB,Canada,46.8,-71.383333,mapbox_46.8_-71.383333_152.png
Saskatoon John G. Diefenbaker International Airport,CYXE,YXE,Canada,52.1708,-106.7,mapbox_52.1708_-106.7_155.png
St. John's International Airport,CYYT,YYT,Canada,47.61861111,-52.7525,mapbox_47.61861111_-52.7525_156.png
Toronto Pearson International Airport,CYYZ,YYZ,Canada,43.6767,-79.6306,mapbox_43.6767_-79.6306_159.png
Vancouver International Airport,CYVR,YVR,Canada,49.1947,-123.184,mapbox_49.1947_-123.184_160.png
Victoria International Airport,CYYJ,YYJ,Canada,48.6472,-123.426,mapbox_48.6472_-123.426_161.png
Winnipeg / James Armstrong Richardson International Airport,CYWG,YWG,Canada,49.91,-97.24,mapbox_49.91_-97.24_163.png
Amílcar Cabral International Airport,GVAC,SID,Cape Verde,16.73758889,-22.95001667,mapbox_16.73758889_-22.95001667_164.png
Aristides Pereira International Airport,GVBA,BVC,Cape Verde,16.13722222,-22.88861111,mapbox_16.13722222_-22.88861111_165.png
Cesaria Evora International Airport,GVSV,VXE,Cape Verde,16.83361111,-25.05472222,mapbox_16.83361111_-25.05472222_166.png
Nelson Mandela International Airport,GVNP,RAI,Cape Verde,14.94111111,-23.48472222,mapbox_14.94111111_-23.48472222_168.png
Bangui M'Poko International Airport,FEFF,BGF,Central African Republic,4.3985,18.5188,mapbox_4.3985_18.5188_170.png
N'Djamena International Airport,FTTJ,NDJ,Chad,12.125,15.02472222,mapbox_12.125_15.02472222_172.png
Comodoro Arturo Merino Benítez International Airport,SCEL,SCL,Chile,-33.39277778,-70.78555556,mapbox_-33.39277778_-70.78555556_173.png
Carriel Sur International Airport,SCIE,CCP,Chile,-36.7725,-73.06305556,mapbox_-36.7725_-73.06305556_174.png
Diego Aracena International Airport,SCDA,IQQ,Chile,-20.53522222,-70.181275,mapbox_-20.53522222_-70.181275_176.png
Mataveri International Airport,SCIP,IPC,Chile,-27.16472222,-109.4216667,mapbox_-27.16472222_-109.4216667_177.png
President Carlos Ibáñez International Airport,SCCI,PUQ,Chile,-53.0025,-70.85444444,mapbox_-53.0025_-70.85444444_178.png
Alfonso Bonilla Aragon International Airport,SKCL,CLO,Colombia,3.543055555,-76.38138889,mapbox_3.543055555_-76.38138889_179.png
El Dorado International Airport,SKBO,BOG,Colombia,4.701388888,-74.14694444,mapbox_4.701388888_-74.14694444_187.png
Ernesto Cortissoz International Airport,SKBQ,BAQ,Colombia,10.88856944,-74.78176667,mapbox_10.88856944_-74.78176667_189.png
Gustavo Rojas Pinilla International Airport,SKSP,ADZ,Colombia,12.58361111,-81.71111111,mapbox_12.58361111_-81.71111111_191.png
Jose Maria Córdova International Airport,SKRG,MDE,Colombia,6.167222222,-75.42666667,mapbox_6.167222222_-75.42666667_192.png
Rafael Nuñez International Airport,SKCG,CTG,Colombia,10.44204167,-75.51277778,mapbox_10.44204167_-75.51277778_196.png
Prince Said Ibrahim International Airport,FMCH,HAH,Comoros,-11.53666667,43.27138889,mapbox_-11.53666667_43.27138889_199.png
Rarotonga International Airport,NCRG,RAR,Cook Islands,-21.20277778,-159.8055556,mapbox_-21.20277778_-159.8055556_200.png
Daniel Oduber Quirós International Airport,MRLB,LIR,Costa Rica,10.59305556,-85.54416667,mapbox_10.59305556_-85.54416667_201.png
Juan Santamaría International Airport,MROC,SJO,Costa Rica,9.993888888,-84.20888889,mapbox_9.993888888_-84.20888889_202.png
Zagreb Franjo Tu_man International Airport,LDZA,ZAG,Croatia,45.74305556,16.06888889,mapbox_45.74305556_16.06888889_204.png
Abel Santamaria International Airport,MUSC,SNU,Cuba,22.49222222,-79.94361111,mapbox_22.49222222_-79.94361111_205.png
Antonio Maceo International Airport,MUCU,SCU,Cuba,19.97,-75.83555556,mapbox_19.97_-75.83555556_206.png
Frank Pais International Airport,MUHG,HOG,Cuba,20.78861602,-76.30566298,mapbox_20.78861602_-76.30566298_207.png
Ignacio Agramonte International Airport,MUCM,CMW,Cuba,21.42027778,-77.8475,mapbox_21.42027778_-77.8475_208.png
José Martí International Airport,MUHA,HAV,Cuba,22.98888889,-82.40888889,mapbox_22.98888889_-82.40888889_211.png
Juan Gualberto Gomez International Airport,MUVR,VRA,Cuba,23.03444444,-81.43527778,mapbox_23.03444444_-81.43527778_212.png
Hato International Airport,TNCC,CUR,Curaçao,12.188913,-68.959692,mapbox_12.188913_-68.959692_214.png
Ercan International Airport,LCEN,ECN,Cyprus,35.159647,33.488372,mapbox_35.159647_33.488372_215.png
Larnaca International Airport,LCLK,LCA,Cyprus,34.87888889,33.63027778,mapbox_34.87888889_33.63027778_216.png
Paphos International Airport,LCPH,PFO,Cyprus,34.71833333,32.485,mapbox_34.71833333_32.485_218.png
Karlovy Vary Airport,LKKV,KLV,Czech Republic,50.20305556,12.915,mapbox_50.20305556_12.915_220.png
Leoš Janá_ek Airport Ostrava,LKMT,OSR,Czech Republic,49.69611111,18.11083333,mapbox_49.69611111_18.11083333_222.png
Pardubice Airport,LKPD,PED,Czech Republic,50.01333333,15.73861111,mapbox_50.01333333_15.73861111_223.png
Václav Havel Airport Prague,LKPR,PRG,Czech Republic,50.10083333,14.26,mapbox_50.10083333_14.26_224.png
_eské Bud_jovice South Bohemian Airport,LKCS,JCL,Czech Republic,48.94638889,14.4275,mapbox_48.94638889_14.4275_225.png
Goma International Airport,FZNA,GOM,Democratic Republic of the Congo,-1.670556,29.238333,mapbox_-1.670556_29.238333_226.png
Bangoka International Airport,FZIC,FKI,Democratic Republic of the Congo,0.481667,25.338056,mapbox_0.481667_25.338056_228.png
Lubumbashi International Airport,FZQA,FBM,Democratic Republic of the Congo,-11.59133333,27.53097778,mapbox_-11.59133333_27.53097778_229.png
Ndjili International Airport,FZAA,FIH,Democratic Republic of the Congo,-4.38575,15.44456944,mapbox_-4.38575_15.44456944_230.png
Billund Airport,EKBI,BLL,Denmark,55.74027778,9.151944444,mapbox_55.74027778_9.151944444_231.png
Copenhagen Kastrup Airport,EKCH,CPH,Denmark,55.61805556,12.65611111,mapbox_55.61805556_12.65611111_232.png
Djibouti-Ambouli Airport,HDAM,JIB,Djibouti,11.547337,43.159255,mapbox_11.547337_43.159255_233.png
Cibao International Airport,MDST,STI,Dominican Republic,19.40611111,-70.60472222,mapbox_19.40611111_-70.60472222_234.png
Casa De Campo International Airport,MDLR,LRM,Dominican Republic,18.451074,-68.911657,mapbox_18.451074_-68.911657_239.png
Las Américas International Airport,MDSD,SDQ,Dominican Republic,18.429663,-69.668925,mapbox_18.429663_-69.668925_240.png
Punta Cana International Airport,MDPC,PUJ,Dominican Republic,18.56666667,-68.35194444,mapbox_18.56666667_-68.35194444_242.png
José Joaquín de Olmedo International Airport,SEGU,GYE,Ecuador,-2.1575,-79.88361111,mapbox_-2.1575_-79.88361111_246.png
Mariscal Sucre International Airport,SEQM,UIO,Ecuador,-0.13555556,-78.36555556,mapbox_-0.13555556_-78.36555556_248.png
Alexandria International Airport,HEAX,HBE,Egypt,30.93005556,29.69919444,mapbox_30.93005556_29.69919444_250.png
Asyut International Airport,HEAT,ATZ,Egypt,27.046389,31.011944,mapbox_27.046389_31.011944_251.png
Aswan International Airport,HESN,ASW,Egypt,23.964167,32.819722,mapbox_23.964167_32.819722_252.png
Berenice International Airport / Banas Cape Air Base,HEBR,EES,Egypt,23.98574,35.459503,mapbox_23.98574_35.459503_253.png
Cairo International Airport,HECA,CAI,Egypt,30.12194444,31.40555556,mapbox_30.12194444_31.40555556_254.png
Capital International Airport,HECP,CCE,Egypt,30.0739194,31.8430074,mapbox_30.0739194_31.8430074_255.png
El Alamein International Airport,HEAL,DBB,Egypt,30.92444444,28.46138889,mapbox_30.92444444_28.46138889_256.png
El Arish International Airport,HEAR,AAC,Egypt,31.073333,33.835833,mapbox_31.073333_33.835833_258.png
Hurghada International Airport,HEGN,HRG,Egypt,27.178056,33.799167,mapbox_27.178056_33.799167_259.png
Luxor International Airport,HELX,LXR,Egypt,25.670833,32.706389,mapbox_25.670833_32.706389_260.png
Marsa Alam International Airport,HEMA,RMF,Egypt,25.556944,34.583611,mapbox_25.556944_34.583611_261.png
Mersa Matruh International Airport,HEMM,MUH,Egypt,31.325278,27.221667,mapbox_31.325278_27.221667_262.png
Sharm El Sheikh International Airport,HESH,SSH,Egypt,27.977222,34.394722,mapbox_27.977222_34.394722_263.png
Sphinx International Airport,HESX,SPX,Egypt,30.10972222,30.89444444,mapbox_30.10972222_30.89444444_265.png
Taba International Airport,HETB,TCP,Egypt,29.587778,34.778056,mapbox_29.587778_34.778056_266.png
El Salvador International Airport Saint _scar Arnulfo Romero y Galdámez,MSLP,SAL,El Salvador,13.44301944,-89.05644722,mapbox_13.44301944_-89.05644722_267.png
Corisco International Airport,FGCO,OCS,Equatorial Guinea,0.91666667,9.33055556,mapbox_0.91666667_9.33055556_269.png
Malabo International Airport,FGSL,SSG,Equatorial Guinea,3.755,8.708611111,mapbox_3.755_8.708611111_270.png
Asmara International Airport,HHAS,ASM,Eritrea,15.285,38.901667,mapbox_15.285_38.901667_271.png
King Mswati III International Airport,FDSK,SHO,Eswatini,-26.35861111,31.71694444,mapbox_-26.35861111_31.71694444_274.png
Aba Tenna Dejazmach Yilma International Airport,HADR,DIR,Ethiopia,9.623611,41.854167,mapbox_9.623611_41.854167_275.png
Addis Ababa Bole International Airport,HAAB,ADD,Ethiopia,8.977777777,38.79944444,mapbox_8.977777777_38.79944444_276.png
Gerad Wilwal International Airport,HAJJ,JIJ,Ethiopia,9.33222222,42.91194444,mapbox_9.33222222_42.91194444_277.png
Vágar Airport,EKVG,FAE,Faroe Islands,62.0636,-7.2772,mapbox_62.0636_-7.2772_278.png
Chuuk International Airport,PTKK,TKK,Federated States of Micronesia,7.461944444,151.8430556,mapbox_7.461944444_151.8430556_279.png
Kosrae International Airport,PTSA,KSA,Federated States of Micronesia,5.356944444,162.9583333,mapbox_5.356944444_162.9583333_280.png
Yap International Airport,PTYA,YAP,Federated States of Micronesia,9.498888888,138.0825,mapbox_9.498888888_138.0825_282.png
Nadi International Airport,NFFN,NAN,Fiji,-17.75527778,177.4433333,mapbox_-17.75527778_177.4433333_283.png
Nausori International Airport,NFNA,SUV,Fiji,-18.04333333,178.5591667,mapbox_-18.04333333_178.5591667_284.png
Helsinki Vantaa Airport,EFHK,HEL,Finland,60.31722222,24.96333333,mapbox_60.31722222_24.96333333_285.png
Ivalo Airport,EFIV,IVL,Finland,68.61083333,27.41388889,mapbox_68.61083333_27.41388889_286.png
Kuopio Airport,EFKU,KUO,Finland,63.00861111,27.79444444,mapbox_63.00861111_27.79444444_287.png
Oulu Airport,EFOU,OUL,Finland,64.92916667,25.35555556,mapbox_64.92916667_25.35555556_288.png
Rovaniemi Airport,EFRO,RVN,Finland,66.56166667,25.83083333,mapbox_66.56166667_25.83083333_289.png
Tampere-Pirkkala Airport,EFTP,TMP,Finland,61.41527778,23.58777778,mapbox_61.41527778_23.58777778_290.png
Turku Airport,EFTU,TKU,Finland,60.51472222,22.26166667,mapbox_60.51472222_22.26166667_291.png
Beauvais-Tillé airport,LFOB,BVA,France,49.454444,2.112778,mapbox_49.454444_2.112778_292.png
Bordeaux__érignac Airport,LFBD,BOD,France,44.828333,-0.715556,mapbox_44.828333_-0.715556_293.png
Dzaoudzi Pamandzi International Airport,FMCZ,DZA,France,-12.806667,45.280555,mapbox_-12.806667_45.280555_295.png
EuroAirport Basel__ulhouse__reiburg,LFSB,BSL,France,47.599696,7.5316,mapbox_47.599696_7.5316_296.png
Fa'a'_ International Airport,NTAA,PPT,France,-17.55666667,-149.6113889,mapbox_-17.55666667_-149.6113889_299.png
La Tontouta International Airport,NWWW,NOU,France,-22.01638889,166.2161111,mapbox_-22.01638889_166.2161111_301.png
Lyon Saint-Exupéry Airport,LFLL,LYS,France,45.72555556,5.081111111,mapbox_45.72555556_5.081111111_302.png
Marseille Provence Airport,LFML,MRS,France,43.43666667,5.215,mapbox_43.43666667_5.215_303.png
Martinique Aimé Césaire International Airport,TFFF,FDF,France,14.59222222,-60.99638889,mapbox_14.59222222_-60.99638889_304.png
Nice-Côte d'Azur Airport,LFMN,NCE,France,43.66527778,7.215,mapbox_43.66527778_7.215_306.png
Paris-Orly Airport,LFPO,ORY,France,48.723333,2.379444,mapbox_48.723333_2.379444_307.png
Charles de Gaulle International Airport,LFPG,CDG,France,49.00972222,2.547777777,mapbox_49.00972222_2.547777777_308.png
Maryse Condé International Airport,TFFR,PTP,France,16.26416667,-61.52583333,mapbox_16.26416667_-61.52583333_309.png
Toulouse-Blagnac Airport,LFBO,TLS,France,43.635,1.367780555,mapbox_43.635_1.367780555_310.png
Libreville Leon M'ba International Airport,FOOL,LBV,Gabon,0.458611,9.412222,mapbox_0.458611_9.412222_311.png
M'Vengue El Hadj Omar Bongo Ondimba International Airport,FOON,MVB,Gabon,-1.656111111,13.43805556,mapbox_-1.656111111_13.43805556_312.png
Port Gentil International Airport,FOOG,POG,Gabon,-0.711666666,8.754444444,mapbox_-0.711666666_8.754444444_314.png
Alexander Kartveli Batumi International Airport,UGSB,BUS,Georgia,41.61027778,41.59944444,mapbox_41.61027778_41.59944444_315.png
David the Builder Kutaisi International Airport,UGKO,KUT,Georgia,42.17638889,42.4825,mapbox_42.17638889_42.4825_316.png
Tbilisi International Airport,UGTB,TBS,Georgia,41.66916667,44.95472222,mapbox_41.66916667_44.95472222_318.png
Berlin Brandenburg Airport,EDDB,SXF,Germany,52.378611,13.520556,mapbox_52.378611_13.520556_319.png
Düsseldorf Airport,EDDL,DUS,Germany,51.280925,6.757311111,mapbox_51.280925_6.757311111_322.png
Frankfurt Main Airport,EDDF,FRA,Germany,50.03330556,8.570455555,mapbox_50.03330556_8.570455555_326.png
Hamburg Helmut Schmidt Airport,EDDH,HAM,Germany,53.63038889,9.988227777,mapbox_53.63038889_9.988227777_327.png
Kotoka International Airport,DGAA,ACC,Ghana,5.604666666,-0.167388888,mapbox_5.604666666_-0.167388888_328.png
Yakubu Tali International Airport,DGLE,TML,Ghana,9.556944444,-0.863055555,mapbox_9.556944444_-0.863055555_334.png
Al Abraq International Airport,HLLQ,LAQ,Great Socialist People's Libyan Arab Jamahiriya,32.78861111,21.96416667,mapbox_32.78861111_21.96416667_337.png
Athens Eleftherios Venizelos International Airport,LGAV,ATH,Greece,37.93638889,23.94444444,mapbox_37.93638889_23.94444444_339.png
Chania International Airport,LGSA,CHQ,Greece,35.53174722,24.14967778,mapbox_35.53174722_24.14967778_340.png
Corfu Ioannis Kapodistrias International Airport,LGKR,CFU,Greece,39.601945,19.912222,mapbox_39.601945_19.912222_341.png
Heraklion International Nikos Kazantzakis Airport,LGIR,HER,Greece,35.339722,25.180278,mapbox_35.339722_25.180278_342.png
Kavala Alexander the Great International Airport,LGKV,KVA,Greece,40.91333333,24.61916667,mapbox_40.91333333_24.61916667_344.png
"Kos International Airport ""Ippokratis""",LGKO,KGS,Greece,36.79333611,27.09166667,mapbox_36.79333611_27.09166667_346.png
"Rhodes International Airport ""Diagoras""",LGRP,RHO,Greece,36.405278,28.086112,mapbox_36.405278_28.086112_349.png
Thessaloniki Macedonia International Airport,LGTS,SKG,Greece,40.519722,22.970917,mapbox_40.519722_22.970917_351.png
Nuuk International Airport,BGGH,GOH,Greenland,64.191733,-51.6778,mapbox_64.191733_-51.6778_354.png
Maurice Bishop International Airport,TGPY,GND,Grenada,12.00416667,-61.78611111,mapbox_12.00416667_-61.78611111_355.png
La Aurora International Airport,MGGT,GUA,Guatemala,14.58333333,-90.5275,mapbox_14.58333333_-90.5275_356.png
Ahmed Sékou Touré International Airport,GUCY,CKY,Guinea,9.576889,-13.611944,mapbox_9.576889_-13.611944_359.png
Osvaldo Vieira International Airport,GGOV,OXB,Guinea-Bissau,11.895,-15.65361111,mapbox_11.895_-15.65361111_360.png
Cheddi Jagan International Airport,SYCJ,GEO,Guyana,6.498333333,-58.25388889,mapbox_6.498333333_-58.25388889_361.png
Cap Haitien International Airport,MTCH,CAP,Haiti,19.733333,-72.2,mapbox_19.733333_-72.2_364.png
Toussaint Louverture International Airport,MTPP,PAP,Haiti,18.58,-72.2925,mapbox_18.58_-72.2925_366.png
Juan Manuel Gálvez International Airport,MHRO,RTB,Honduras,16.31731667,-86.52638056,mapbox_16.31731667_-86.52638056_368.png
Ramón Villeda Morales International Airport,MHLM,SAP,Honduras,15.45336389,-87.92381944,mapbox_15.45336389_-87.92381944_369.png
Budapest Liszt Ferenc International Airport,LHBP,BUD,Hungary,47.43944444,19.26194444,mapbox_47.43944444_19.26194444_371.png
Debrecen International Airport,LHDC,DEB,Hungary,47.48888889,21.61527778,mapbox_47.48888889_21.61527778_372.png
Pécs-Pogány International Airport,LHPP,PEV,Hungary,45.99092778,18.24098333,mapbox_45.99092778_18.24098333_374.png
Keflavik International Airport,BIKF,KEF,Iceland,63.985,-22.60555556,mapbox_63.985_-22.60555556_375.png
Calicut International Airport,VOCL,CCJ,India,11.13611111,75.955,mapbox_11.13611111_75.955_376.png
Chennai International Airport,VOMM,MAA,India,12.98222222,80.16361111,mapbox_12.98222222_80.16361111_377.png
Chhatrapati Shivaji Maharaj International Airport,VABB,BOM,India,19.08861111,72.86805556,mapbox_19.08861111_72.86805556_378.png
Cochin International Airport,VOCI,COK,India,10.15194444,76.40194444,mapbox_10.15194444_76.40194444_379.png
Coimbatore International Airport,VOCB,CJB,India,11.030528,77.041888,mapbox_11.030528_77.041888_380.png
Dr. Babasaheb Ambedkar International Airport,VANP,NAG,India,21.0925,79.04722222,mapbox_21.0925_79.04722222_381.png
Bir Tikendrajit International Airport,VEIM,IMF,India,24.76,93.89666667,mapbox_24.76_93.89666667_384.png
Indira Gandhi International Airport,VIDP,DEL,India,28.5574,77.0833,mapbox_28.5574_77.0833_385.png
Kannur International Airport,VOKN,CNN,India,11.919885,75.548043,mapbox_11.919885_75.548043_386.png
Kempegowda International Airport Bengaluru,VOBL,BLR,India,13.19888889,77.70555556,mapbox_13.19888889_77.70555556_387.png
Lokpriya Gopinath Bordoloi International Airport,VEGT,GAU,India,26.10611111,91.58583333,mapbox_26.10611111_91.58583333_388.png
Netaji Subhash Chandra Bose International Airport,VECC,CCU,India,22.65388889,88.44666667,mapbox_22.65388889_88.44666667_390.png
Pune International Airport,VAPO,PNQ,India,18.58222222,73.91972222,mapbox_18.58222222_73.91972222_391.png
Rajiv Gandhi International Airport,VOHS,HYD,India,17.2386,78.4294,mapbox_17.2386_78.4294_392.png
Rajkot International Airport,VAHS,HSR,India,22.388056,71.028333,mapbox_22.388056_71.028333_393.png
Sardar Vallabh Patel International Airport,VAAH,AMD,India,23.07722222,72.63472222,mapbox_23.07722222_72.63472222_394.png
Shaheed Bhagat Singh International Airport,VICG,IXC,India,30.67333333,76.78861111,mapbox_30.67333333_76.78861111_395.png
Sri Guru Ram Das Ji International Airport,VIAR,ATQ,India,31.70777778,74.79916667,mapbox_31.70777778_74.79916667_396.png
Surat International Airport,VASU,STV,India,21.11765833,72.74525833,mapbox_21.11765833_72.74525833_397.png
Thiruvananthapuram International Airport,VOTV,TRV,India,8.482222222,76.92,mapbox_8.482222222_76.92_398.png
Tiruchirappalli International Airport,VOTR,TRZ,India,10.765833,78.714722,mapbox_10.765833_78.714722_399.png
Veer Savarkar International Airport / INS Utkrosh,VOPB,IXZ,India,11.645833,92.735,mapbox_11.645833_92.735_400.png
Jenderal Ahmad Yani Airport,WAHS,SRG,Indonesia,-6.971388888,110.3741667,mapbox_-6.971388888_110.3741667_401.png
Adisutjipto International Airport,WAHH,JOG,Indonesia,-7.788055555,110.4316667,mapbox_-7.788055555_110.4316667_402.png
Hang Nadim International Airport,WIDD,BTH,Indonesia,1.120833333,104.1186111,mapbox_1.120833333_104.1186111_405.png
Juanda International Airport,WARR,SUB,Indonesia,-7.38,112.7855,mapbox_-7.38_112.7855_407.png
Kualanamu International Airport,WIMM,KNO,Indonesia,3.641744444,98.87796944,mapbox_3.641744444_98.87796944_410.png
Denpasar I Gusti Ngurah Rai International Airport,WADD,DPS,Indonesia,-8.748055555,115.1675,mapbox_-8.748055555_115.1675_412.png
Sam Ratulangi International Airport,WAMM,MDC,Indonesia,1.549166666,124.9263889,mapbox_1.549166666_124.9263889_415.png
Dortheys Hiyo Eluay International Airport,WAJJ,DJJ,Indonesia,-2.5764603,140.5120913,mapbox_-2.5764603_140.5120913_416.png
Soekarno-Hatta International Airport,WIII,CGK,Indonesia,-6.127361,106.653833,mapbox_-6.127361_106.653833_417.png
Sultan Aji Muhammad Sulaiman Sepinggan International Airport,WALL,BPN,Indonesia,-1.268333333,116.8944444,mapbox_-1.268333333_116.8944444_418.png
Sultan Hasanuddin International Airport,WAAA,UPG,Indonesia,-5.061666666,119.5541667,mapbox_-5.061666666_119.5541667_419.png
Lombok International Airport,WADL,LOP,Indonesia,-8.757322222,116.276675,mapbox_-8.757322222_116.276675_423.png
Qasem Soleimani International Airport,OIAW,AWZ,Iran,31.33743056,48.76195,mapbox_31.33743056_48.76195_424.png
Bandar Abbas International Airport,OIKB,BND,Iran,27.21805556,56.37777778,mapbox_27.21805556_56.37777778_425.png
Birjand International Airport,OIMB,XBJ,Iran,32.89805556,59.26611111,mapbox_32.89805556_59.26611111_426.png
Isfahan Shahid Beheshti International Airport,OIFM,IFN,Iran,32.75083333,51.86111111,mapbox_32.75083333_51.86111111_427.png
Kish International Airport,OIBK,KIH,Iran,26.52615556,53.98021111,mapbox_26.52615556_53.98021111_428.png
Mashhad International Airport,OIMM,MHD,Iran,36.234167,59.645,mapbox_36.234167_59.645_431.png
Payam International Airport,OIIP,PYK,Iran,35.77611111,50.82666667,mapbox_35.77611111_50.82666667_432.png
Shiraz Shahid Dastghaib International Airport,OISS,SYZ,Iran,29.53916667,52.59,mapbox_29.53916667_52.59_434.png
Imam Khomeini International Airport,OIIE,IKA,Iran,35.41611111,51.15222222,mapbox_35.41611111_51.15222222_436.png
Zahedan International Airport,OIZH,ZAH,Iran,29.47568611,60.90618889,mapbox_29.47568611_60.90618889_437.png
Al Najaf International Airport,ORNI,NJF,Iraq,31.98985278,44.40431667,mapbox_31.98985278_44.40431667_438.png
Baghdad International Airport / New Al Muthana Air Base,ORBI,BGW,Iraq,33.2625,44.23444444,mapbox_33.2625_44.23444444_439.png
Basra International Airport,ORMM,BSR,Iraq,30.54888889,47.66247222,mapbox_30.54888889_47.66247222_440.png
Erbil International Airport,ORER,EBL,Iraq,36.2375,43.963056,mapbox_36.2375_43.963056_442.png
Mosul International Airport,ORBM,OSM,Iraq,36.30583333,43.1475,mapbox_36.30583333_43.1475_443.png
Cork International Airport,EICK,ORK,Ireland,51.84138889,-8.491111111,mapbox_51.84138889_-8.491111111_445.png
Dublin Airport,EIDW,DUB,Ireland,53.42138889,-6.27,mapbox_53.42138889_-6.27_446.png
Ireland West Airport Knock,EIKN,NOC,Ireland,53.910297,-8.818492,mapbox_53.910297_-8.818492_447.png
Shannon Airport,EINN,SNN,Ireland,52.70194444,-8.924722222,mapbox_52.70194444_-8.924722222_448.png
Ben Gurion International Airport,LLBG,TLV,Israel,32.00944444,34.88277778,mapbox_32.00944444_34.88277778_449.png
Bari Karol Wojty_a International Airport,LIBD,BRI,Italy,41.13885556,16.76059444,mapbox_41.13885556_16.76059444_452.png
Il Caravaggio International Airport,LIME,BGY,Italy,45.66547,9.69948,mapbox_45.66547_9.69948_453.png
Bologna Guglielmo Marconi Airport,LIPE,BLQ,Italy,44.53544444,11.28866667,mapbox_44.53544444_11.28866667_454.png
Catania-Fontanarossa Airport,LICC,CTA,Italy,37.46666667,15.06388889,mapbox_37.46666667_15.06388889_455.png
Falcone__orsellino Airport,LICJ,PMO,Italy,38.18194444,13.09944444,mapbox_38.18194444_13.09944444_457.png
Federico Fellini International Airport,LIPR,RMI,Italy,44.01944444,12.60944444,mapbox_44.01944444_12.60944444_458.png
"Florence Airport, Peretola",LIRQ,FLR,Italy,43.80861111,11.20277778,mapbox_43.80861111_11.20277778_459.png
Lamezia Terme Sant'Eufemia International Airport,LICA,SUF,Italy,38.90527778,16.24222222,mapbox_38.90527778_16.24222222_460.png
Milano Linate Airport,LIML,LIN,Italy,45.4609,9.28,mapbox_45.4609_9.28_461.png
Milan Malpensa International Airport,LIMC,MXP,Italy,45.63,8.723055555,mapbox_45.63_8.723055555_462.png
Naples International Airport,LIRN,NAP,Italy,40.88444444,14.29083333,mapbox_40.88444444_14.29083333_463.png
Perugia San Francesco d'Assisi _ Umbria International Airport,LIRZ,PEG,Italy,43.09540709,12.50280403,mapbox_43.09540709_12.50280403_464.png
Pisa International Airport,LIRP,PSA,Italy,43.68388889,10.3925,mapbox_43.68388889_10.3925_465.png
Rome__iumicino Leonardo da Vinci International Airport,LIRF,FCO,Italy,41.7956,12.2499,mapbox_41.7956_12.2499_466.png
Ciampino__. B. Pastine International Airport,LIRA,CIA,Italy,41.7995,12.5914,mapbox_41.7995_12.5914_467.png
Venice Marco Polo Airport,LIPZ,VCE,Italy,45.50527778,12.35194444,mapbox_45.50527778_12.35194444_469.png
Félix-Houphouët-Boigny International Airport,DIAP,ABJ,Ivory Coast,5.261416666,-3.925777777,mapbox_5.261416666_-3.925777777_470.png
Norman Manley International Airport,MKJP,KIN,Jamaica,17.935556,-76.7875,mapbox_17.935556_-76.7875_472.png
Sangster International Airport,MKJS,MBJ,Jamaica,18.503611,-77.913333,mapbox_18.503611_-77.913333_473.png
Chubu Centrair International Airport,RJGG,NGO,Japan,34.85833333,136.8052778,mapbox_34.85833333_136.8052778_474.png
Fukuoka Airport,RJFF,FUK,Japan,33.58444444,130.4516667,mapbox_33.58444444_130.4516667_475.png
Kansai International Airport,RJBB,KIX,Japan,34.43055556,135.2302778,mapbox_34.43055556_135.2302778_476.png
Narita International Airport,RJAA,NRT,Japan,35.7649,140.38845,mapbox_35.7649_140.38845_477.png
Osaka Itami International Airport,RJOO,ITM,Japan,34.78552778,135.4382222,mapbox_34.78552778_135.4382222_478.png
Tokyo Haneda International Airport,RJTT,HND,Japan,35.55333333,139.7811111,mapbox_35.55333333_139.7811111_479.png
King Hussein International Airport,OJAQ,AQJ,Jordan,29.61161944,35.01806667,mapbox_29.61161944_35.01806667_480.png
Queen Alia International Airport,OJAI,AMM,Jordan,31.7225,35.99333333,mapbox_31.7225_35.99333333_481.png
Almaty International Airport,UAAA,ALA,Kazakhstan,43.35194444,77.04055556,mapbox_43.35194444_77.04055556_482.png
Kokshetau International Airport,UACK,KOV,Kazakhstan,53.33,69.59666667,mapbox_53.33_69.59666667_483.png
Nursultan Nazarbayev International Airport,UACC,NQZ,Kazakhstan,51.02222222,71.46694444,mapbox_51.02222222_71.46694444_484.png
Shymkent International Airport,UAII,CIT,Kazakhstan,42.365,69.47611111,mapbox_42.365_69.47611111_485.png
Eldoret International Airport,HKEL,EDL,Kenya,0.404444,35.238889,mapbox_0.404444_35.238889_486.png
Jomo Kenyatta International Airport,HKJK,NBO,Kenya,-1.319167,36.9275,mapbox_-1.319167_36.9275_487.png
Kisumu International Airport,HKKI,KIS,Kenya,-0.086111,34.728889,mapbox_-0.086111_34.728889_488.png
Moi International Airport,HKMO,MBA,Kenya,-4.034722,39.594167,mapbox_-4.034722_39.594167_489.png
Flamingo International Airport,TNCB,BON,Kingdom of the Netherlands,12.13111111,-68.26861111,mapbox_12.13111111_-68.26861111_490.png
Bonriki International Airport,NGTA,TRW,Kiribati,1.381666666,173.1469444,mapbox_1.381666666_173.1469444_491.png
Cassidy International Airport,PLCH,CXI,Kiribati,1.986111111,-157.3497222,mapbox_1.986111111_-157.3497222_492.png
Priština Adem Jashari International Airport,BKPR,PRN,Kosovo,42.57277778,21.03583333,mapbox_42.57277778_21.03583333_493.png
Kuwait International Airport,OKKK,KWI,Kuwait,29.22677778,47.97997222,mapbox_29.22677778_47.97997222_494.png
Manas International Airport,UCFM,FRU,Kyrgyzstan,43.06127222,74.47750833,mapbox_43.06127222_74.47750833_496.png
Luang Phabang International Airport,VLLB,LPQ,Laos,19.898612,102.1625,mapbox_19.898612_102.1625_498.png
Pakse International Airport,VLPS,PKZ,Laos,15.13388889,105.7819444,mapbox_15.13388889_105.7819444_499.png
Wattay International Airport,VLVT,VTE,Laos,17.98833333,102.5633333,mapbox_17.98833333_102.5633333_500.png
Liep_ja International Airport,EVLA,LPX,Latvia,56.5175,21.09694444,mapbox_56.5175_21.09694444_502.png
Riga International Airport,EVRA,RIX,Latvia,56.92083333,23.97083333,mapbox_56.92083333_23.97083333_503.png
Beirut Rafic Hariri International Airport,OLBA,BEY,Lebanon,33.82111111,35.48833333,mapbox_33.82111111_35.48833333_505.png
Moshoeshoe I International Airport,FXMM,MSU,Lesotho,-29.462222,27.5525,mapbox_-29.462222_27.5525_506.png
Roberts International Airport,GLRB,ROB,Liberia,6.233889,-10.362222,mapbox_6.233889_-10.362222_507.png
Benina International Airport,HLLB,BEN,Libya,32.0975,20.270833,mapbox_32.0975_20.270833_509.png
Mitiga International Airport,HLLM,MJI,Libya,32.8970303,13.2783652,mapbox_32.8970303_13.2783652_510.png
Palanga International Airport,EYPA,PLQ,Lithuania,55.97333333,21.09388889,mapbox_55.97333333_21.09388889_513.png
Vilnius International Airport,EYVI,VNO,Lithuania,54.63694444,25.28777778,mapbox_54.63694444_25.28777778_514.png
Luxembourg-Findel International Airport,ELLX,LUX,Luxembourg,49.62333333,6.204444444,mapbox_49.62333333_6.204444444_517.png
Amborovy Airport,FMNM,MJN,Madagascar,-15.666583,46.351083,mapbox_-15.666583_46.351083_518.png
Toamasina Ambalamanasy Airport,FMMT,TMM,Madagascar,-18.115833,49.393333,mapbox_-18.115833_49.393333_523.png
Chileka International Airport,FWCL,BLZ,Malawi,-15.679797,34.967592,mapbox_-15.679797_34.967592_528.png
Kamuzu International Airport,FWKI,LLW,Malawi,-13.78916667,33.78083333,mapbox_-13.78916667_33.78083333_530.png
Kota Kinabalu International Airport,WBKK,BKI,Malaysia,5.944722222,116.0530556,mapbox_5.944722222_116.0530556_531.png
Kuala Lumpur International Airport,WMKK,KUL,Malaysia,2.745556,101.709722,mapbox_2.745556_101.709722_532.png
Kuching International Airport,WBGG,KCH,Malaysia,1.484444444,110.3466667,mapbox_1.484444444_110.3466667_533.png
Penang International Airport,WMKP,PEN,Malaysia,5.296944444,100.2766667,mapbox_5.296944444_100.2766667_536.png
Senai International Airport,WMKJ,JHB,Malaysia,1.642777777,103.6686111,mapbox_1.642777777_103.6686111_537.png
Gan International Airport,VRMG,GAN,Maldives,-0.693333333,73.15555556,mapbox_-0.693333333_73.15555556_539.png
Velana International Airport,VRMM,MLE,Maldives,4.191833,73.529111,mapbox_4.191833_73.529111_540.png
Modibo Keita International Airport,GABS,BKO,Mali,12.53777778,-7.943055555,mapbox_12.53777778_-7.943055555_541.png
Malta International Airport,LMML,MLA,Malta,35.8575,14.4775,mapbox_35.8575_14.4775_543.png
Marshall Islands International Airport,PKMJ,MAJ,Marshall Islands,7.068847,171.282754,mapbox_7.068847_171.282754_544.png
Atar International Airport,GQPA,ATR,Mauritania,20.50666667,-13.04305556,mapbox_20.50666667_-13.04305556_545.png
Nouakchott__umtounsy International Airport,GQNO,NKC,Mauritania,18.31,-15.96972222,mapbox_18.31_-15.96972222_546.png
Sir Seewoosagur Ramgoolam International Airport,FIMP,MRU,Mauritius,-20.43002778,57.68302222,mapbox_-20.43002778_57.68302222_547.png
Abraham González International Airport,MMCS,CJS,Mexico,31.63613333,-106.4286667,mapbox_31.63613333_-106.4286667_548.png
Mexico City Benito Juárez International Airport,MMMX,MEX,Mexico,19.436111,-99.071944,mapbox_19.436111_-99.071944_549.png
Bahías de Huatulco International Airport,MMBT,HUX,Mexico,15.77527778,-96.2625,mapbox_15.77527778_-96.2625_551.png
Cancún International Airport,MMUN,CUN,Mexico,21.036667,-86.876944,mapbox_21.036667_-86.876944_553.png
Carlos Rovirosa Pérez International Airport,MMVA,VSA,Mexico,17.995,-92.81722222,mapbox_17.995_-92.81722222_554.png
General Roberto Fierro Villalobos International Airport,MMCU,CUU,Mexico,28.702778,-105.963888,mapbox_28.702778_-105.963888_557.png
Cozumel International Airport,MMCZ,CZM,Mexico,20.515,-86.92888889,mapbox_20.515_-86.92888889_562.png
Guanajuato International Airport,MMLO,BJX,Mexico,20.99333333,-101.4808333,mapbox_20.99333333_-101.4808333_563.png
Bachigualato Federal International Airport,MMCL,CUL,Mexico,24.76444444,-107.4744444,mapbox_24.76444444_-107.4744444_565.png
General Francisco J. Mujica International Airport,MMMM,MLM,Mexico,19.84972222,-101.0252778,mapbox_19.84972222_-101.0252778_567.png
General Heriberto Jara International Airport,MMVR,VER,Mexico,19.14583333,-96.18722222,mapbox_19.14583333_-96.18722222_570.png
General Ignacio L. Pesqueira International Airport,MMHO,HMO,Mexico,29.09583333,-111.0477778,mapbox_29.09583333_-111.0477778_571.png
General Juan N. _lvarez International Airport,MMAA,ACA,Mexico,16.75602778,-99.75161111,mapbox_16.75602778_-99.75161111_573.png
General Rafael Buelna International Airport,MMMZ,MZT,Mexico,23.16135556,-106.2660722,mapbox_23.16135556_-106.2660722_577.png
Guadalajara International Airport,MMGL,GDL,Mexico,20.521837,-103.311145,mapbox_20.521837_-103.311145_580.png
Hermanos Serdán International Airport,MMPB,PBC,Mexico,19.15805556,-98.37138889,mapbox_19.15805556_-98.37138889_581.png
Ixtapa-Zihuatanejo International Airport,MMZH,ZIH,Mexico,17.60138889,-101.4602778,mapbox_17.60138889_-101.4602778_583.png
Aguascalientes International Airport,MMAS,AGU,Mexico,21.7011198,-102.3145774,mapbox_21.7011198_-102.3145774_584.png
Puerto Vallarta International Airport,MMPR,PVR,Mexico,20.68,-105.2541667,mapbox_20.68_-105.2541667_586.png
Loreto International Airport,MMLT,LTO,Mexico,25.98916667,-111.3483333,mapbox_25.98916667_-111.3483333_587.png
Los Cabos International Airport,MMSD,SJD,Mexico,23.15166667,-109.7208333,mapbox_23.15166667_-109.7208333_588.png
Manuel Crescencio Rejón International Airport,MMMD,MID,Mexico,20.93694444,-89.65777778,mapbox_20.93694444_-89.65777778_589.png
Monterrey International Airport,MMMY,MTY,Mexico,25.77833333,-100.1063889,mapbox_25.77833333_-100.1063889_592.png
Querétaro Intercontinental Airport,MMQT,QRO,Mexico,20.62222222,-100.1883333,mapbox_20.62222222_-100.1883333_599.png
General Abelardo L. Rodriguez International Airport,MMTJ,TIJ,Mexico,32.54083333,-116.97,mapbox_32.54083333_-116.97_604.png
Adolfo López Mateos International Airport,MMTO,TLC,Mexico,19.33694444,-99.56583333,mapbox_19.33694444_-99.56583333_605.png
Xoxocotlán International Airport,MMOX,OAX,Mexico,17,-96.72666667,mapbox_17_-96.72666667_608.png
Chi_in_u International Airport,LUKK,RMO,Moldova,46.92777778,28.93083333,mapbox_46.92777778_28.93083333_612.png
Buyant-Ukhaa International Airport,ZMUB,ULN,Mongolia,47.843056,106.766389,mapbox_47.843056_106.766389_613.png
Ulaanbaatar Chinggis Khaan International Airport,ZMCK,UBN,Mongolia,47.64338,106.81876,mapbox_47.64338_106.81876_614.png
Al Massira Airport,GMAD,AGA,Morocco,30.3225,-9.411388888,mapbox_30.3225_-9.411388888_616.png
Oujda Angads Airport,GMFO,OUD,Morocco,34.78722222,-1.923888888,mapbox_34.78722222_-1.923888888_617.png
Fes Saïss International Airport,GMFF,FEZ,Morocco,33.92722222,-4.977777777,mapbox_33.92722222_-4.977777777_618.png
Marrakesh Menara Airport,GMMX,RAK,Morocco,31.60861111,-8.040833333,mapbox_31.60861111_-8.040833333_619.png
Mohammed V International Airport,GMMN,CMN,Morocco,33.364167,-7.581667,mapbox_33.364167_-7.581667_620.png
Nador Al Aaroui International Airport,GMMW,NDR,Morocco,34.98878056,-3.028205555,mapbox_34.98878056_-3.028205555_621.png
Rabat-Salé Airport,GMME,RBA,Morocco,34.05138889,-6.751666666,mapbox_34.05138889_-6.751666666_622.png
Tangier Ibn Battuta Airport,GMTT,TNG,Morocco,35.72691667,-5.916888888,mapbox_35.72691667_-5.916888888_623.png
Sania Ramel Airport,GMTN,TTU,Morocco,35.594363,-5.319975,mapbox_35.594363_-5.319975_624.png
Beira International Airport,FQBR,BEW,Mozambique,-19.79638889,34.9075,mapbox_-19.79638889_34.9075_625.png
Tete Airport,FQTT,TET,Mozambique,-16.10805556,33.64027778,mapbox_-16.10805556_33.64027778_626.png
Maputo Airport,FQMA,MPM,Mozambique,-25.92083333,32.5725,mapbox_-25.92083333_32.5725_628.png
Nampula Airport,FQNP,APL,Mozambique,-15.10561111,39.2818,mapbox_-15.10561111_39.2818_629.png
Mandalay International Airport,VYMD,MDL,Myanmar,21.70222222,95.97805556,mapbox_21.70222222_95.97805556_631.png
Nay Pyi Taw International Airport,VYNT,NYT,Myanmar,19.61913056,96.19993889,mapbox_19.61913056_96.19993889_632.png
Yangon International Airport,VYYY,RGN,Myanmar,16.90722222,96.13305556,mapbox_16.90722222_96.13305556_633.png
Walvis Bay International Airport,FYWB,WVB,Namibia,-22.98,14.645278,mapbox_-22.98_14.645278_634.png
Hosea Kutako International Airport,FYWH,WDH,Namibia,-22.48,17.470833,mapbox_-22.48_17.470833_635.png
Pokhara International Airport,VNPR,PHH,Nepal,28.18969,84.014893,mapbox_28.18969_84.014893_637.png
Tribhuvan International Airport,VNKT,KTM,Nepal,27.69722222,85.35777778,mapbox_27.69722222_85.35777778_638.png
Amsterdam Airport Schiphol,EHAM,AMS,Netherlands,52.3081,4.764169444,mapbox_52.3081_4.764169444_639.png
Eindhoven Airport,EHEH,EIN,Netherlands,51.450556,5.374167,mapbox_51.450556_5.374167_640.png
Rotterdam The Hague Airport,EHRD,RTM,Netherlands,51.95,4.433333333,mapbox_51.95_4.433333333_643.png
Auckland International Airport,NZAA,AKL,New Zealand,-37.00805556,174.7916667,mapbox_-37.00805556_174.7916667_644.png
Christchurch International Airport,NZCH,CHC,New Zealand,-43.48944444,172.5322222,mapbox_-43.48944444_172.5322222_645.png
Queenstown Airport,NZQN,ZQN,New Zealand,-45.02111111,168.7391667,mapbox_-45.02111111_168.7391667_649.png
Wellington International Airport,NZWN,WLG,New Zealand,-41.328969,174.811682,mapbox_-41.328969_174.811682_651.png
Augusto C. Sandino (Managua) International Airport,MNMG,MGA,Nicaragua,12.14166667,-86.16896389,mapbox_12.14166667_-86.16896389_652.png
Diori Hamani International Airport,DRRN,NIM,Niger,13.48166667,2.170277777,mapbox_13.48166667_2.170277777_653.png
Akanu Ibiam International Airport,DNEN,ENU,Nigeria,6.474166666,7.561944444,mapbox_6.474166666_7.561944444_655.png
Asaba International Airport,DNAS,ABB,Nigeria,6.20305556,6.65888889,mapbox_6.20305556_6.65888889_656.png
General Tunde Idiagbon International Airport,DNIL,ILR,Nigeria,8.440555555,4.494444444,mapbox_8.440555555_4.494444444_659.png
Maiduguri International Airport,DNMA,MIU,Nigeria,11.85527778,13.08083333,mapbox_11.85527778_13.08083333_660.png
Mallam Aminu Kano International Airport,DNKN,KAN,Nigeria,12.0475,8.524444444,mapbox_12.0475_8.524444444_661.png
Murtala Muhammed International Airport,DNMM,LOS,Nigeria,6.577222222,3.321111111,mapbox_6.577222222_3.321111111_663.png
Nnamdi Azikiwe International Airport,DNAA,ABV,Nigeria,9.006805555,7.263194444,mapbox_9.006805555_7.263194444_664.png
Port Harcourt International Airport,DNPO,PHC,Nigeria,5.015277777,6.949444444,mapbox_5.015277777_6.949444444_665.png
Sadiq Abubakar III International Airport,DNSO,SKO,Nigeria,12.91611111,5.206944444,mapbox_12.91611111_5.206944444_666.png
Sir Ahmadu Bello International Airport,DNBK,,Nigeria,12.4806,4.36944,mapbox_12.4806_4.36944_667.png
Pyongyang Sunan International Airport,ZKPY,FNJ,North Korea,39.22388889,125.67,mapbox_39.22388889_125.67_669.png
"Bergen Airport, Flesland",ENBR,BGO,Norway,60.29361111,5.218061111,mapbox_60.29361111_5.218061111_672.png
Kristiansand Airport,ENCN,KRS,Norway,58.20388889,8.085,mapbox_58.20388889_8.085_673.png
Oslo-Gardermoen International Airport,ENGM,OSL,Norway,60.20277778,11.08388889,mapbox_60.20277778_11.08388889_674.png
"Sandefjord Airport, Torp",ENTO,TRF,Norway,59.18666667,10.25861111,mapbox_59.18666667_10.25861111_676.png
"Stavanger Airport, Sola",ENZV,SVG,Norway,58.87666667,5.637777777,mapbox_58.87666667_5.637777777_677.png
Tromsø Airport,ENTC,TOS,Norway,69.68138889,18.91777778,mapbox_69.68138889_18.91777778_679.png
Duqm International Airport,OODQ,DQM,Oman,19.50222222,57.63444444,mapbox_19.50222222_57.63444444_680.png
Muscat International Airport,OOMS,MCT,Oman,23.60096,58.28692,mapbox_23.60096_58.28692_681.png
Allama Iqbal International Airport,OPLA,LHE,Pakistan,31.52138889,74.4025,mapbox_31.52138889_74.4025_682.png
Bacha Khan International Airport,OPPS,PEW,Pakistan,33.99388889,71.51472222,mapbox_33.99388889_71.51472222_683.png
Faisalabad International Airport,OPFA,LYP,Pakistan,31.365,72.99472222,mapbox_31.365_72.99472222_685.png
Islamabad International Airport,OPIS,ISB,Pakistan,33.55361111,72.83472222,mapbox_33.55361111_72.83472222_687.png
Jinnah International Airport,OPKC,KHI,Pakistan,24.90666667,67.16083333,mapbox_24.90666667_67.16083333_689.png
Multan International Airport,OPMT,MUX,Pakistan,30.20333333,71.41916667,mapbox_30.20333333_71.41916667_690.png
Quetta International Airport,OPQT,UET,Pakistan,30.252145,66.93868,mapbox_30.252145_66.93868_691.png
Sialkot International Airport,OPST,SKT,Pakistan,32.53555556,74.36388889,mapbox_32.53555556_74.36388889_693.png
Turbat International Airport,OPTU,TUK,Pakistan,25.98638889,63.03027778,mapbox_25.98638889_63.03027778_694.png
Roman Tmetuchl International Airport,PTRO,ROR,Palau,7.367222222,134.5441667,mapbox_7.367222222_134.5441667_695.png
Tocumen International Airport,MPTO,PTY,Panama,9.071388888,-79.38361111,mapbox_9.071388888_-79.38361111_700.png
Port Moresby Jacksons International Airport,AYPY,POM,Papua New Guinea,-9.443333333,147.22,mapbox_-9.443333333_147.22_701.png
Guaraní International Airport,SGES,AGT,Paraguay,-25.45527778,-54.84333333,mapbox_-25.45527778_-54.84333333_706.png
Silvio Pettirossi International Airport,SGAS,ASU,Paraguay,-25.23972222,-57.51916667,mapbox_-25.23972222_-57.51916667_708.png
Beijing Capital International Airport,ZBAA,PEK,People's Republic of China,40.08,116.5844444,mapbox_40.08_116.5844444_709.png
Beijing Daxing International Airport,ZBAD,PKX,People's Republic of China,39.511944,116.410556,mapbox_39.511944_116.410556_710.png
Changchun Longjia International Airport,ZYCC,CGQ,People's Republic of China,43.99611111,125.6852778,mapbox_43.99611111_125.6852778_711.png
Changsha Huanghua International Airport,ZGHA,CSX,People's Republic of China,28.19666667,113.2208333,mapbox_28.19666667_113.2208333_712.png
Chengdu Shuangliu International Airport,ZUUU,CTU,People's Republic of China,30.58,103.948333,mapbox_30.58_103.948333_713.png
Chengdu Tianfu International Airport,ZUTF,TFU,People's Republic of China,30.319,104.445,mapbox_30.319_104.445_714.png
Chongqing Jiangbei International Airport,ZUCK,CKG,People's Republic of China,29.71916667,106.6416667,mapbox_29.71916667_106.6416667_715.png
Dalian Zhoushuizi International Airport,ZYTL,DLC,People's Republic of China,38.96555556,121.5383333,mapbox_38.96555556_121.5383333_716.png
Fuzhou Changle International Airport,ZSFZ,FOC,People's Republic of China,25.935,119.6633333,mapbox_25.935_119.6633333_718.png
Guangzhou Baiyun International Airport,ZGGG,CAN,People's Republic of China,23.39243611,113.2987861,mapbox_23.39243611_113.2987861_719.png
Guilin Liangjiang International Airport,ZGKL,KWL,People's Republic of China,25.21805556,110.0391667,mapbox_25.21805556_110.0391667_720.png
Guiyang Longdongbao International Airport,ZUGY,KWE,People's Republic of China,26.53861111,106.8008333,mapbox_26.53861111_106.8008333_721.png
Haikou Meilan International Airport,ZJHK,HAK,People's Republic of China,19.93472222,110.4588889,mapbox_19.93472222_110.4588889_722.png
Hangzhou Xiaoshan International Airport,ZSHC,HGH,People's Republic of China,30.22944444,120.4344444,mapbox_30.22944444_120.4344444_723.png
Harbin Taiping International Airport,ZYHB,HRB,People's Republic of China,45.62340278,126.2503278,mapbox_45.62340278_126.2503278_724.png
Hefei Xinqiao International Airport,ZSOF,HFE,People's Republic of China,31.9894,116.9641,mapbox_31.9894_116.9641_725.png
Hohhot Baita International Airport,ZBHH,HET,People's Republic of China,40.85142222,111.8241028,mapbox_40.85142222_111.8241028_726.png
Hong Kong International Airport,VHHH,HKG,People's Republic of China,22.308889,113.914444,mapbox_22.308889_113.914444_727.png
Huangshan Tunxi International Airport,ZSTX,TXN,People's Republic of China,29.73,118.2527778,mapbox_29.73_118.2527778_728.png
Jinan Yaoqiang International Airport,ZSJN,TNA,People's Republic of China,36.85722222,117.2161111,mapbox_36.85722222_117.2161111_729.png
Kunming Changshui International Airport,ZPPP,KMG,People's Republic of China,25.10194444,102.9291667,mapbox_25.10194444_102.9291667_730.png
Lanzhou Zhongchuan International Airport,ZLLL,LHW,People's Republic of China,36.5075,103.6194444,mapbox_36.5075_103.6194444_731.png
Macau International Airport,VMMC,MFM,People's Republic of China,22.149445,113.591388,mapbox_22.149445_113.591388_732.png
Nanchang Changbei International Airport,ZSCN,KHN,People's Republic of China,28.865,115.9,mapbox_28.865_115.9_735.png
Nanjing Lukou International Airport,ZSNJ,NKG,People's Republic of China,31.74222222,118.8619444,mapbox_31.74222222_118.8619444_736.png
Nanning Wuxu International Airport,ZGNN,NNG,People's Republic of China,22.60826667,108.1724417,mapbox_22.60826667_108.1724417_737.png
Ningbo Lishe International Airport,ZSNB,NGB,People's Republic of China,29.82666667,121.4619444,mapbox_29.82666667_121.4619444_738.png
Qingdao Jiaodong International Airport,ZSQD,TAO,People's Republic of China,36.3483,120.059,mapbox_36.3483_120.059_739.png
Sanya Phoenix International Airport,ZJSY,SYX,People's Republic of China,18.30289722,109.4122722,mapbox_18.30289722_109.4122722_741.png
Shanghai Hongqiao International Airport,ZSSS,SHA,People's Republic of China,31.198056,121.336389,mapbox_31.198056_121.336389_742.png
Shanghai Pudong International Airport,ZSPD,PVG,People's Republic of China,31.143333,121.805278,mapbox_31.143333_121.805278_743.png
Shenyang Taoxian International Airport,ZYTX,SHE,People's Republic of China,41.64,123.4836111,mapbox_41.64_123.4836111_744.png
Shenzhen Bao'an International Airport,ZGSZ,SZX,People's Republic of China,22.63944444,113.8108333,mapbox_22.63944444_113.8108333_745.png
Shijiazhuang Zhengding International Airport,ZBSJ,SJW,People's Republic of China,38.28083333,114.6966667,mapbox_38.28083333_114.6966667_746.png
Taiyuan Wusu International Airport,ZBYN,TYN,People's Republic of China,37.74694444,112.6283333,mapbox_37.74694444_112.6283333_747.png
Tianjin Binhai International Airport,ZBTJ,TSN,People's Republic of China,39.12444444,117.3461111,mapbox_39.12444444_117.3461111_748.png
Wenzhou Longwan International Airport,ZSWZ,WNZ,People's Republic of China,27.91194444,120.8519444,mapbox_27.91194444_120.8519444_749.png
Wuhan Tianhe International Airport,ZHHH,WUH,People's Republic of China,30.77484,114.21739,mapbox_30.77484_114.21739_750.png
Sunan Shuofang International Airport,ZSWX,WUX,People's Republic of China,31.49444444,120.4294444,mapbox_31.49444444_120.4294444_751.png
Xi'an Xianyang International Airport,ZLXY,XIY,People's Republic of China,34.44694444,108.7513889,mapbox_34.44694444_108.7513889_752.png
Xiamen Gaoqi International Airport,ZSAM,XMN,People's Republic of China,24.54416667,118.1277778,mapbox_24.54416667_118.1277778_753.png
Yantai Penglai International Airport,ZSYT,YNT,People's Republic of China,37.66009,120.97857,mapbox_37.66009_120.97857_754.png
Yinchuan Hedong International Airport,ZLIC,INC,People's Republic of China,38.32166667,106.3925,mapbox_38.32166667_106.3925_755.png
Zhengzhou Xinzheng International Airport,ZHCC,CGO,People's Republic of China,34.51972222,113.8408333,mapbox_34.51972222_113.8408333_756.png
_rümqi Tianshan International Airport,ZWWW,URC,People's Republic of China,43.90722222,87.47416667,mapbox_43.90722222_87.47416667_757.png
Alejandro Velasco Astete International Airport,SPZO,CUZ,Peru,-13.53555556,-71.94361111,mapbox_-13.53555556_-71.94361111_758.png
Capitán FAP Carlos Martínez de Pinillos International Airport,SPRU,TRU,Peru,-8.081388888,-79.10861111,mapbox_-8.081388888_-79.10861111_759.png
Capitán FAP José A. Quiñones González International Airport,SPHI,CIX,Peru,-6.787222222,-79.82805556,mapbox_-6.787222222_-79.82805556_761.png
Coronel FAP Francisco Secada Vignetta International Airport,SPQT,IQT,Peru,-3.784722222,-73.30861111,mapbox_-3.784722222_-73.30861111_763.png
Cap FAP David Abenzur Rengifo International Airport,SPCL,PCL,Peru,-8.37794,-74.5743,mapbox_-8.37794_-74.5743_764.png
Inca Manco Capac International Airport,SPJL,JUL,Peru,-15.46694444,-70.15805556,mapbox_-15.46694444_-70.15805556_766.png
Jorge Chávez International Airport,SPJC,LIM,Peru,-12.02194444,-77.11444444,mapbox_-12.02194444_-77.11444444_767.png
Rodríguez Ballón International Airport,SPQU,AQP,Peru,-16.34107222,-71.58308333,mapbox_-16.34107222_-71.58308333_769.png
Bacolod-Silay International Airport,RPVB,BCD,Philippines,10.77639,123.01528,mapbox_10.77639_123.01528_770.png
Bicol International Airport,RPLK,DRP,Philippines,13.11694444,123.6783333,mapbox_13.11694444_123.6783333_771.png
Clark International Airport / Clark Air Base,RPLC,CRK,Philippines,15.18583333,120.5597222,mapbox_15.18583333_120.5597222_775.png
Francisco Bangoy International Airport,RPMD,DVO,Philippines,7.125522,125.645778,mapbox_7.125522_125.645778_776.png
General Santos International Airport,RPMR,GES,Philippines,6.058002777,125.0960333,mapbox_6.058002777_125.0960333_777.png
Iloilo International Airport,RPVI,ILO,Philippines,10.8325,122.4930556,mapbox_10.8325_122.4930556_778.png
Kalibo International Airport,RPVK,KLO,Philippines,11.681337,122.37765,mapbox_11.681337_122.37765_779.png
Laguindingan International Airport,RPMY,CGY,Philippines,8.6125,124.4572222,mapbox_8.6125_124.4572222_780.png
Laoag International Airport,RPLI,LAO,Philippines,18.17805556,120.5316667,mapbox_18.17805556_120.5316667_781.png
Mactan Cebu International Airport,RPVM,CEB,Philippines,10.31666667,123.9833333,mapbox_10.31666667_123.9833333_782.png
Ninoy Aquino International Airport,RPLL,MNL,Philippines,14.508611,121.019444,mapbox_14.508611_121.019444_783.png
Puerto Princesa International Airport / PAF Antonio Bautista Air Base,RPVP,PPS,Philippines,9.742222222,118.7586111,mapbox_9.742222222_118.7586111_784.png
Subic Bay International Airport / Naval Air Station Cubi Point,RPLB,SFS,Philippines,14.79445,120.2713639,mapbox_14.79445_120.2713639_785.png
Zamboanga International Airport,RPMZ,ZAM,Philippines,6.922419444,122.0596333,mapbox_6.922419444_122.0596333_786.png
Gda_sk Lech Wa__sa Airport,EPGD,GDN,Poland,54.3775,18.46611111,mapbox_54.3775_18.46611111_787.png
Kraków John Paul II International Airport,EPKK,KRK,Poland,50.07777778,19.78472222,mapbox_50.07777778_19.78472222_788.png
Katowice Wojciech Korfanty International Airport,EPKT,KTW,Poland,50.47416667,19.08,mapbox_50.47416667_19.08_789.png
Warsaw Chopin Airport,EPWA,WAW,Poland,52.16583333,20.96722222,mapbox_52.16583333_20.96722222_791.png
Faro - Gago Coutinho International Airport,LPFR,FAO,Portugal,37.01444444,-7.965833333,mapbox_37.01444444_-7.965833333_792.png
Francisco de Sá Carneiro Airport,LPPR,OPO,Portugal,41.23555556,-8.678055555,mapbox_41.23555556_-8.678055555_793.png
Lisbon Humberto Delgado Airport,LPPT,LIS,Portugal,38.774167,-9.134167,mapbox_38.774167_-9.134167_794.png
Cristiano Ronaldo International Airport,LPMA,FNC,Portugal,32.69416667,-16.77805556,mapbox_32.69416667_-16.77805556_795.png
Hamad International Airport,OTHH,DOH,Qatar,25.27305556,51.60805556,mapbox_25.27305556_51.60805556_796.png
Bac_u George Enescu International  Airport,LRBC,BCM,Romania,46.52194444,26.91027778,mapbox_46.52194444_26.91027778_797.png
Bucharest B_neasa Aurel Vlaicu International Airport,LRBS,BBU,Romania,44.50361111,26.10361111,mapbox_44.50361111_26.10361111_798.png
Avram Iancu Cluj International Airport,LRCL,CLJ,Romania,46.785092,23.68612,mapbox_46.785092_23.68612_799.png
Bucharest Henri Coand_ International Airport,LROP,OTP,Romania,44.5707306,26.0822236,mapbox_44.5707306_26.0822236_800.png
Ia_i International Airport,LRIA,IAS,Romania,47.17888889,27.62,mapbox_47.17888889_27.62_801.png
Mihail Kog_lniceanu International Airport,LRCK,CND,Romania,44.36222222,28.48833333,mapbox_44.36222222_28.48833333_803.png
Oradea International Airport,LROD,OMR,Romania,47.02527778,21.9025,mapbox_47.02527778_21.9025_804.png
Sibiu International Airport,LRSB,SBZ,Romania,45.7890231,24.0949867,mapbox_45.7890231_24.0949867_806.png
Timi_oara Traian Vuia International Airport,LRTR,TSR,Romania,45.81,21.33805556,mapbox_45.81_21.33805556_807.png
Abakan International Airport,UNAA,ABA,Russia,53.74327778,91.38586111,mapbox_53.74327778_91.38586111_809.png
Domodedovo International Airport,UUDD,DME,Russia,55.40861111,37.90611111,mapbox_55.40861111_37.90611111_813.png
Irkutsk International Airport,UIII,IKT,Russia,52.272887,104.353371,mapbox_52.272887_104.353371_814.png
Chita-Kadala International Airport,UIAA,HTA,Russia,52.02666667,113.305,mapbox_52.02666667_113.305_816.png
Kazan International Airport,UWKD,KZN,Russia,55.60666667,49.28166667,mapbox_55.60666667_49.28166667_817.png
Alexei Leonov Kemerovo International Airport,UNEE,KEJ,Russia,55.27166667,86.11,mapbox_55.27166667_86.11_818.png
Koltsovo Airport,USSS,SVX,Russia,56.7431,60.8027,mapbox_56.7431_60.8027_820.png
Krasnodar Pashkovsky International Airport,URKK,KRR,Russia,45.03472222,39.17055556,mapbox_45.03472222_39.17055556_821.png
Krasnoyarsk International Airport,UNKL,KJA,Russia,56.17166667,92.49333333,mapbox_56.17166667_92.49333333_822.png
Kurumoch International Airport,UWWW,KUF,Russia,53.50166667,50.155,mapbox_53.50166667_50.155_823.png
Magnitogorsk International Airport,USCM,MQF,Russia,53.39333333,58.75666667,mapbox_53.39333333_58.75666667_824.png
Nizhny Novgorod / Strigino International Airport,UWGG,GOJ,Russia,56.23,43.78666667,mapbox_56.23_43.78666667_826.png
Platov International Airport,URRP,ROV,Russia,47.47155556,39.92397222,mapbox_47.47155556_39.92397222_828.png
Pulkovo Airport,ULLI,LED,Russia,59.80027778,30.2625,mapbox_59.80027778_30.2625_829.png
Roshchino International Airport,USTR,TJM,Russia,57.16833333,65.31666667,mapbox_57.16833333_65.31666667_830.png
Sheremetyevo International Airport,UUEE,SVO,Russia,55.97277778,37.41472222,mapbox_55.97277778_37.41472222_832.png
Sochi International Airport,URSS,AER,Russia,43.45,39.95666667,mapbox_43.45_39.95666667_833.png
Surgut International Airport,USRR,SGC,Russia,61.34388889,73.40222222,mapbox_61.34388889_73.40222222_834.png
Ufa International Airport,UWUU,UFA,Russia,54.5575,55.87416667,mapbox_54.5575_55.87416667_835.png
Vladivostok International Airport,UHWW,VVO,Russia,43.39916667,132.1513889,mapbox_43.39916667_132.1513889_836.png
Vnukovo International Airport,UUWW,VKO,Russia,55.59611111,37.2675,mapbox_55.59611111_37.2675_837.png
Volgograd International Airport,URWW,VOG,Russia,48.78166667,44.34666667,mapbox_48.78166667_44.34666667_838.png
Voronezh International Airport,UUOO,VOZ,Russia,51.815,39.23,mapbox_51.815_39.23_839.png
Zhukovsky International Airport,UUBW,ZIA,Russia,55.55333333,38.15166667,mapbox_55.55333333_38.15166667_840.png
Kigali International Airport,HRYR,KGL,Rwanda,-1.966388888,30.13305611,mapbox_-1.966388888_30.13305611_841.png
Robert L. Bradshaw International Airport,TKPK,SKB,Saint Kitts and Nevis,17.31138889,-62.71861111,mapbox_17.31138889_-62.71861111_842.png
Hewanorra International Airport,TLPL,UVF,Saint Lucia,13.73333333,-60.9525,mapbox_13.73333333_-60.9525_844.png
Argyle International Airport,TVSA,SVD,Saint Vincent and the Grenadines,13.15638889,-61.15027778,mapbox_13.15638889_-61.15027778_845.png
Faleolo International Airport,NSFA,APW,Samoa,-13.82972222,-172.0083333,mapbox_-13.82972222_-172.0083333_846.png
Abha International Airport,OEAB,AHB,Saudi Arabia,18.24036667,42.656625,mapbox_18.24036667_42.656625_847.png
Al-Ahsa International Airport,OEAH,HOF,Saudi Arabia,25.28530556,49.48518889,mapbox_25.28530556_49.48518889_848.png
King Abdulaziz International Airport,OEJN,JED,Saudi Arabia,21.66169444,39.17302778,mapbox_21.66169444_39.17302778_849.png
King Fahd International Airport,OEDF,DMM,Saudi Arabia,26.47111111,49.79777778,mapbox_26.47111111_49.79777778_850.png
King Khalid International Airport,OERK,RUH,Saudi Arabia,24.9575996,46.6987991,mapbox_24.9575996_46.6987991_851.png
Prince Mohammad Bin Abdulaziz Airport,OEMA,MED,Saudi Arabia,24.55175,39.71425,mapbox_24.55175_39.71425_852.png
Blaise Diagne International Airport,GOBD,DSS,Senegal,14.67083333,-17.06888889,mapbox_14.67083333_-17.06888889_853.png
Léopold Sédar Senghor International Airport,GOOY,DKR,Senegal,14.743833,-17.479305,mapbox_14.743833_-17.479305_854.png
Belgrade Nikola Tesla Airport,LYBE,BEG,Serbia,44.81944444,20.30694444,mapbox_44.81944444_20.30694444_855.png
Niš Constantine the Great Airport,LYNI,INI,Serbia,43.33722222,21.85361111,mapbox_43.33722222_21.85361111_857.png
Seychelles International Airport,FSIA,SEZ,Seychelles,-4.674344444,55.52185278,mapbox_-4.674344444_55.52185278_858.png
Lungi International Airport,GFLL,FNA,Sierra Leone,8.616444444,-13.19548889,mapbox_8.616444444_-13.19548889_859.png
Singapore Changi Airport,WSSS,SIN,Singapore,1.359167,103.989444,mapbox_1.359167_103.989444_861.png
Princess Juliana International Airport,TNCM,SXM,Sint Maarten,18.04083333,-63.10944444,mapbox_18.04083333_-63.10944444_862.png
M. R. _tefánik Airport,LZIB,BTS,Slovakia,48.17,17.21277778,mapbox_48.17_17.21277778_864.png
Ljubljana Jože Pu_nik Airport,LJLJ,LJU,Slovenia,46.22444444,14.45611111,mapbox_46.22444444_14.45611111_868.png
Honiara International Airport,AGGH,HIR,Solomon Islands,-9.428,160.054789,mapbox_-9.428_160.054789_870.png
Aden Adde International Airport,HCMM,MGQ,Somalia,2.013611111,45.30472222,mapbox_2.013611111_45.30472222_873.png
Bender Qassim International Airport,HCMF,BSA,Somalia,11.27555556,49.15,mapbox_11.27555556_49.15_874.png
Egal International Airport,HCMH,HGA,Somalia,9.518166666,44.08875833,mapbox_9.518166666_44.08875833_876.png
Cape Town International Airport,FACT,CPT,South Africa,-33.96944444,18.59722222,mapbox_-33.96944444_18.59722222_879.png
King Phalo Airport,FAEL,ELS,South Africa,-33.035,27.82138889,mapbox_-33.035_27.82138889_881.png
King Shaka International Airport,FALE,DUR,South Africa,-29.61444444,31.11638889,mapbox_-29.61444444_31.11638889_882.png
Kruger Mpumalanga International Airport,FAKN,MQP,South Africa,-25.38333333,31.10555556,mapbox_-25.38333333_31.10555556_883.png
Lanseria International Airport,FALA,HLA,South Africa,-25.938611,27.926111,mapbox_-25.938611_27.926111_884.png
O.R. Tambo International Airport,FAOR,JNB,South Africa,-26.139167,28.246111,mapbox_-26.139167_28.246111_885.png
Polokwane International Airport,FAPP,PTG,South Africa,-23.84527778,29.45861111,mapbox_-23.84527778_29.45861111_887.png
Cheongju International Airport/Cheongju Air Base (K-59/G-513),RKTU,CJJ,South Korea,36.71638889,127.4991667,mapbox_36.71638889_127.4991667_888.png
Daegu International Airport,RKTN,TAE,South Korea,35.89416667,128.6588889,mapbox_35.89416667_128.6588889_889.png
Gimhae International Airport,RKPK,PUS,South Korea,35.18055556,128.9380556,mapbox_35.18055556_128.9380556_890.png
Gimpo International Airport,RKSS,GMP,South Korea,37.55694444,126.7975,mapbox_37.55694444_126.7975_891.png
Incheon International Airport,RKSI,ICN,South Korea,37.4625,126.4391667,mapbox_37.4625_126.4391667_892.png
Jeju International Airport,RKPC,CJU,South Korea,33.51222222,126.4927778,mapbox_33.51222222_126.4927778_893.png
Muan International Airport,RKJB,MWX,South Korea,34.99138889,126.3827778,mapbox_34.99138889_126.3827778_894.png
Yangyang International Airport,RKNY,YNY,South Korea,38.06138889,128.6691667,mapbox_38.06138889_128.6691667_895.png
Alicante-Elche Miguel Hernández Airport,LEAL,ALC,Spain,38.28222222,-0.558055555,mapbox_38.28222222_-0.558055555_899.png
Asturias Airport,LEAS,OVD,Spain,43.56361111,-6.034722222,mapbox_43.56361111_-6.034722222_900.png
Bilbao Airport,LEBB,BIO,Spain,43.301111,-2.910556,mapbox_43.301111_-2.910556_901.png
César Manrique-Lanzarote Airport,GCRR,ACE,Spain,28.945556,-13.605278,mapbox_28.945556_-13.605278_902.png
Fuerteventura Airport,GCFV,FUE,Spain,28.45277778,-13.86388889,mapbox_28.45277778_-13.86388889_904.png
Gran Canaria Airport,GCLP,LPA,Spain,27.93194444,-15.38666667,mapbox_27.93194444_-15.38666667_905.png
Ibiza Airport,LEIB,IBZ,Spain,38.872858,1.373117,mapbox_38.872858_1.373117_906.png
Josep Tarradellas Barcelona-El Prat Airport,LEBL,BCN,Spain,41.296944,2.078333,mapbox_41.296944_2.078333_907.png
Adolfo Suárez Madrid__arajas Airport,LEMD,MAD,Spain,40.47222222,-3.560833333,mapbox_40.47222222_-3.560833333_908.png
Málaga-Costa del Sol Airport,LEMG,AGP,Spain,36.675,-4.499167,mapbox_36.675_-4.499167_910.png
Palma de Mallorca Airport,LEPA,PMI,Spain,39.551675,2.738808333,mapbox_39.551675_2.738808333_911.png
Region of Murcia International Airport,LEMI,RMU,Spain,37.80363889,-1.124111111,mapbox_37.80363889_-1.124111111_912.png
Seville Airport,LEZL,SVQ,Spain,37.418056,-5.898889,mapbox_37.418056_-5.898889_913.png
Tenerife Norte-Ciudad de La Laguna Airport,GCXO,TFN,Spain,28.48804722,-16.34591389,mapbox_28.48804722_-16.34591389_914.png
Tenerife Sur Airport,GCTS,TFS,Spain,28.04444444,-16.5725,mapbox_28.04444444_-16.5725_915.png
Valencia Airport,LEVC,VLC,Spain,39.48944444,-0.481666666,mapbox_39.48944444_-0.481666666_916.png
Bandaranaike International Colombo Airport,VCBI,CMB,Sri Lanka,7.181111111,79.88361111,mapbox_7.181111111_79.88361111_917.png
Mattala Rajapaksa International Airport,VCRI,HRI,Sri Lanka,6.28888889,81.12361111,mapbox_6.28888889_81.12361111_918.png
Port Sudan New International Airport,HSPN,PZU,Sudan,19.43363889,37.234075,mapbox_19.43363889_37.234075_920.png
Johan Adolf Pengel International Airport,SMJP,PBM,Suriname,5.452830555,-55.18778333,mapbox_5.452830555_-55.18778333_922.png
Göteborg Landvetter Airport,ESGG,GOT,Sweden,57.66,12.29111111,mapbox_57.66_12.29111111_923.png
Stockholm-Arlanda Airport,ESSA,ARN,Sweden,59.65194444,17.91861111,mapbox_59.65194444_17.91861111_924.png
Stockholm Västerås Airport,ESOW,VST,Sweden,59.58944444,16.63361111,mapbox_59.58944444_16.63361111_926.png
Umeå Airport,ESNU,UME,Sweden,63.793055,20.28,mapbox_63.793055_20.28_927.png
Geneva Cointrin International Airport,LSGG,GVA,Switzerland,46.23833333,6.109444444,mapbox_46.23833333_6.109444444_928.png
Zürich Airport,LSZH,ZRH,Switzerland,47.45805556,8.548055555,mapbox_47.45805556_8.548055555_929.png
Aleppo International Airport,OSAP,ALP,Syria,36.18450943,37.22733275,mapbox_36.18450943_37.22733275_930.png
Damascus International Airport,OSDI,DAM,Syria,33.41152222,36.51555833,mapbox_33.41152222_36.51555833_931.png
São Tomé International Airport,FPST,TMS,São Tomé and Príncipe,0.378056,6.712222,mapbox_0.378056_6.712222_935.png
Hualien Chiashan Airport,RCYU,HUN,Taiwan,24.02305556,121.6177778,mapbox_24.02305556_121.6177778_936.png
Kaohsiung International Airport,RCKH,KHH,Taiwan,22.57694444,120.35,mapbox_22.57694444_120.35_937.png
Taichung International Airport / Ching Chuang Kang Air Base,RCMQ,RMQ,Taiwan,24.265,120.620833,mapbox_24.265_120.620833_938.png
Tainan International Airport / Tainan Air Base,RCNN,TNN,Taiwan,22.95027778,120.2055556,mapbox_22.95027778_120.2055556_939.png
Taipei Songshan International Airport,RCSS,TSA,Taiwan,25.06944444,121.5516667,mapbox_25.06944444_121.5516667_940.png
Taiwan Taoyuan International Airport,RCTP,TPE,Taiwan,25.07638889,121.2238889,mapbox_25.07638889_121.2238889_941.png
Dushanbe International Airport,UTDD,DYU,Tajikistan,38.54361111,68.82166667,mapbox_38.54361111_68.82166667_943.png
Abeid Amani Karume International Airport,HTZA,ZNZ,Tanzania,-6.222222222,39.225,mapbox_-6.222222222_39.225_944.png
Julius Nyerere International Airport,HTDA,DAR,Tanzania,-6.878055555,39.20277778,mapbox_-6.878055555_39.20277778_947.png
Kilimanjaro International Airport,HTKJ,JRO,Tanzania,-3.429444444,37.07444444,mapbox_-3.429444444_37.07444444_948.png
Mwanza International Airport,HTMW,MWZ,Tanzania,-2.444444444,32.9325,mapbox_-2.444444444_32.9325_949.png
Chiang Mai International Airport,VTCC,CNX,Thailand,18.76666667,98.9625,mapbox_18.76666667_98.9625_952.png
Don Mueang International Airport,VTBD,DMK,Thailand,13.9125,100.6066667,mapbox_13.9125_100.6066667_953.png
Hat Yai International Airport,VTSS,HDY,Thailand,6.933055555,100.3927778,mapbox_6.933055555_100.3927778_954.png
Mae Fah Luang - Chiang Rai International Airport,VTCT,CEI,Thailand,19.95222222,99.88277778,mapbox_19.95222222_99.88277778_955.png
Phuket International Airport,VTSP,HKT,Thailand,8.113333,98.316944,mapbox_8.113333_98.316944_956.png
Suvarnabhumi Airport,VTBS,BKK,Thailand,13.681111,100.747222,mapbox_13.681111_100.747222_957.png
U-Tapao__ayong__attaya International Airport,VTBU,UTP,Thailand,12.679612,101.004917,mapbox_12.679612_101.004917_958.png
Udon Thani International Airport,VTUD,UTH,Thailand,17.386388,102.788333,mapbox_17.386388_102.788333_959.png
Grand Bahama International Airport,MYGF,FPO,The Bahamas,26.55861111,-78.69555556,mapbox_26.55861111_-78.69555556_962.png
Lynden Pindling International Airport,MYNN,NAS,The Bahamas,25.03888889,-77.46611111,mapbox_25.03888889_-77.46611111_965.png
Banjul International Airport,GBYD,BJL,The Gambia,13.33796111,-16.65220556,mapbox_13.33796111_-16.65220556_968.png
Presidente Nicolau Lobato International Airport,WPDL,DIL,Timor-Leste,-8.546552777,125.5247194,mapbox_-8.546552777_125.5247194_969.png
Lomé__okoin International Airport,DXXX,LFW,Togo,6.165833333,1.254166666,mapbox_6.165833333_1.254166666_970.png
Niamtougou International Airport,DXNG,LRL,Togo,9.767762024,1.091424997,mapbox_9.767762024_1.091424997_971.png
Fua'amotu International Airport,NFTF,TBU,Tonga,-21.24111111,-175.1494444,mapbox_-21.24111111_-175.1494444_972.png
Vava'u International Airport,NFTV,VAV,Tonga,-18.58527778,-173.9616667,mapbox_-18.58527778_-173.9616667_973.png
A.N.R. Robinson International Airport,TTCP,TAB,Trinidad and Tobago,11.14972222,-60.83222222,mapbox_11.14972222_-60.83222222_974.png
Piarco International Airport,TTPP,POS,Trinidad and Tobago,10.59527778,-61.33722222,mapbox_10.59527778_-61.33722222_975.png
Adana _akirpa_a Airport,LTAF,ADA,Turkey,36.981944,35.280278,mapbox_36.981944_35.280278_977.png
Esenbo_a International Airport,LTAC,ESB,Turkey,40.12805556,32.995,mapbox_40.12805556_32.995_978.png
Antalya International Airport,LTAI,AYT,Turkey,36.90027778,30.79277778,mapbox_36.90027778_30.79277778_979.png
Dalaman International Airport,LTBS,DLM,Turkey,36.714722,28.792778,mapbox_36.714722_28.792778_980.png
Kayseri Erkilet International Airport,LTAU,ASR,Turkey,38.77027778,35.49527778,mapbox_38.77027778_35.49527778_981.png
İstanbul Airport,LTFM,IST,Turkey,41.26083333,28.74222222,mapbox_41.26083333_28.74222222_982.png
Istanbul Sabiha Gökçen International Airport,LTFJ,SAW,Turkey,40.89833333,29.30916667,mapbox_40.89833333_29.30916667_983.png
Milas Bodrum International Airport,LTFE,BJV,Turkey,37.25055556,27.66416667,mapbox_37.25055556_27.66416667_984.png
_ukurova International Airport,LTDB,COV,Turkey,36.89694444,35.0675,mapbox_36.89694444_35.0675_985.png
Adnan Menderes International Airport,LTBJ,ADB,Turkey,38.28916667,27.155,mapbox_38.28916667_27.155_986.png
Ashgabat International Airport,UTAA,ASB,Turkmenistan,37.98694444,58.36083333,mapbox_37.98694444_58.36083333_987.png
Entebbe International Airport,HUEN,EBB,Uganda,0.044722222,32.44305556,mapbox_0.044722222_32.44305556_990.png
Lviv International Airport,UKLL,LWO,Ukraine,49.8125,23.95611111,mapbox_49.8125_23.95611111_1005.png
Odesa International Airport,UKOO,ODS,Ukraine,46.42694444,30.67805556,mapbox_46.42694444_30.67805556_1007.png
Simferopol International Airport,UKFF,SIP,Ukraine,45.05222222,33.97527778,mapbox_45.05222222_33.97527778_1010.png
Zaporizhzhia International Airport,UKDE,OZH,Ukraine,47.86694444,35.31583333,mapbox_47.86694444_35.31583333_1011.png
Al Ain International Airport,OMAL,AAN,United Arab Emirates,24.259486,55.614853,mapbox_24.259486_55.614853_1012.png
Dubai International Airport,OMDB,DXB,United Arab Emirates,25.25277778,55.36444444,mapbox_25.25277778_55.36444444_1013.png
Fujairah International Airport,OMFJ,FJR,United Arab Emirates,25.11222222,56.32388889,mapbox_25.11222222_56.32388889_1014.png
Ras Al Khaimah International Airport,OMRK,RKT,United Arab Emirates,25.61361111,55.93888889,mapbox_25.61361111_55.93888889_1015.png
Sharjah International Airport,OMSJ,SHJ,United Arab Emirates,25.32861111,55.51722222,mapbox_25.32861111_55.51722222_1016.png
Zayed International Airport,OMAA,AUH,United Arab Emirates,24.43305556,54.65111111,mapbox_24.43305556_54.65111111_1017.png
Aberdeen International Airport,EGPD,ABZ,United Kingdom,57.201944,-2.197778,mapbox_57.201944_-2.197778_1018.png
Belfast International Airport,EGAA,BFS,United Kingdom,54.6575,-6.215833,mapbox_54.6575_-6.215833_1019.png
Birmingham Airport,EGBB,BHX,United Kingdom,52.45388889,-1.748055555,mapbox_52.45388889_-1.748055555_1020.png
Bristol Airport,EGGD,BRS,United Kingdom,51.382778,-2.719167,mapbox_51.382778_-2.719167_1022.png
Cardiff International Airport,EGFF,CWL,United Kingdom,51.39666667,-3.343333333,mapbox_51.39666667_-3.343333333_1023.png
East Midlands Airport,EGNX,EMA,United Kingdom,52.83055556,-1.327777777,mapbox_52.83055556_-1.327777777_1027.png
Edinburgh Airport,EGPH,EDI,United Kingdom,55.95,-3.3725,mapbox_55.95_-3.3725_1028.png
Gibraltar Airport,LXGB,GIB,United Kingdom,36.15111111,-5.349722222,mapbox_36.15111111_-5.349722222_1031.png
Glasgow Airport,EGPF,GLA,United Kingdom,55.87194444,-4.433055555,mapbox_55.87194444_-4.433055555_1032.png
Glasgow Prestwick Airport,EGPK,PIK,United Kingdom,55.50944444,-4.594444444,mapbox_55.50944444_-4.594444444_1033.png
L.F. Wade International Airport,TXKF,BDA,United Kingdom,32.36416667,-64.67861111,mapbox_32.36416667_-64.67861111_1035.png
Leeds Bradford Airport,EGNM,LBA,United Kingdom,53.86583333,-1.660555555,mapbox_53.86583333_-1.660555555_1036.png
Liverpool John Lennon Airport,EGGP,LPL,United Kingdom,53.33361111,-2.849722222,mapbox_53.33361111_-2.849722222_1037.png
London Gatwick Airport,EGKK,LGW,United Kingdom,51.14722222,-0.190277777,mapbox_51.14722222_-0.190277777_1039.png
London Heathrow Airport,EGLL,LHR,United Kingdom,51.4775,-0.461389,mapbox_51.4775_-0.461389_1040.png
London Luton Airport,EGGW,LTN,United Kingdom,51.874722,-0.368333,mapbox_51.874722_-0.368333_1041.png
London Stansted Airport,EGSS,STN,United Kingdom,51.885,0.235,mapbox_51.885_0.235_1042.png
Manchester Airport,EGCC,MAN,United Kingdom,53.353889,-2.275,mapbox_53.353889_-2.275_1043.png
Newcastle International Airport,EGNT,NCL,United Kingdom,55.0375,-1.691666666,mapbox_55.0375_-1.691666666_1044.png
Owen Roberts International Airport,MWCR,GCM,United Kingdom,19.2925,-81.35916667,mapbox_19.2925_-81.35916667_1046.png
Providenciales International Airport,MBPV,PLS,United Kingdom,21.77361111,-72.26583333,mapbox_21.77361111_-72.26583333_1047.png
Terrance B. Lettsome International Airport,TUPJ,EIS,United Kingdom,18.44555556,-64.54305556,mapbox_18.44555556_-64.54305556_1050.png
Albany International Airport,KALB,ALB,United States,42.74916667,-73.80194444,mapbox_42.74916667_-73.80194444_1052.png
Albuquerque International Sunport,KABQ,ABQ,United States,35.040278,-106.609167,mapbox_35.040278_-106.609167_1053.png
Antonio B. Won Pat International Airport,PGUM,GUM,United States,13.485,144.7975,mapbox_13.485_144.7975_1056.png
Austin Bergstrom International Airport,KAUS,AUS,United States,30.19444444,-97.67,mapbox_30.19444444_-97.67_1060.png
Baltimore/Washington International Thurgood Marshall Airport,KBWI,BWI,United States,39.1782209,-76.6675418,mapbox_39.1782209_-76.6675418_1061.png
Birmingham-Shuttlesworth International Airport,KBHM,BHM,United States,33.56388889,-86.75222222,mapbox_33.56388889_-86.75222222_1065.png
Bradley International Airport,KBDL,BDL,United States,41.93916667,-72.68333333,mapbox_41.93916667_-72.68333333_1068.png
Buffalo Niagara International Airport,KBUF,BUF,United States,42.94055556,-78.73222222,mapbox_42.94055556_-78.73222222_1070.png
Charleston International Airport,KCHS,CHS,United States,32.89861111,-80.04055556,mapbox_32.89861111_-80.04055556_1075.png
Charlotte Douglas International Airport,KCLT,CLT,United States,35.21388889,-80.94305556,mapbox_35.21388889_-80.94305556_1076.png
Cincinnati Northern Kentucky International Airport,KCVG,CVG,United States,39.04888889,-84.66777778,mapbox_39.04888889_-84.66777778_1080.png
Cleveland Hopkins International Airport,KCLE,CLE,United States,41.41166667,-81.84972222,mapbox_41.41166667_-81.84972222_1081.png
Dallas Fort Worth International Airport,KDFW,DFW,United States,32.89694444,-97.03805556,mapbox_32.89694444_-97.03805556_1084.png
Daniel K. Inouye International Airport,PHNL,HNL,United States,21.318611,-157.9225,mapbox_21.318611_-157.9225_1085.png
Denver International Airport,KDEN,DEN,United States,39.86166667,-104.6730556,mapbox_39.86166667_-104.6730556_1089.png
Des Moines International Airport,KDSM,DSM,United States,41.53388889,-93.66305556,mapbox_41.53388889_-93.66305556_1090.png
Detroit Metropolitan Wayne County Airport,KDTW,DTW,United States,42.2125,-83.353333,mapbox_42.2125_-83.353333_1091.png
El Paso International Airport,KELP,ELP,United States,31.80722222,-106.3775,mapbox_31.80722222_-106.3775_1093.png
Ellison Onizuka Kona International Airport at Ke_hole,PHKO,KOA,United States,19.73888889,-156.0455556,mapbox_19.73888889_-156.0455556_1095.png
Fort Lauderdale Hollywood International Airport,KFLL,FLL,United States,26.0725,-80.15277778,mapbox_26.0725_-80.15277778_1099.png
Frederick Douglass Greater Rochester International Airport,KROC,ROC,United States,43.11888889,-77.6725,mapbox_43.11888889_-77.6725_1102.png
Fresno Yosemite International Airport,KFAT,FAT,United States,36.77093056,-119.7189611,mapbox_36.77093056_-119.7189611_1103.png
George Bush Intercontinental Airport,KIAH,IAH,United States,29.98444444,-95.34138889,mapbox_29.98444444_-95.34138889_1105.png
Gerald R. Ford International Airport,KGRR,GRR,United States,42.88083333,-85.52277778,mapbox_42.88083333_-85.52277778_1106.png
Harry Reid International Airport,KLAS,LAS,United States,36.08527778,-115.1505556,mapbox_36.08527778_-115.1505556_1117.png
Hartsfield Jackson Atlanta International Airport,KATL,ATL,United States,33.63666667,-84.42805556,mapbox_33.63666667_-84.42805556_1118.png
Indianapolis International Airport,KIND,IND,United States,39.717222,-86.294444,mapbox_39.717222_-86.294444_1122.png
Jacksonville International Airport,KJAX,JAX,United States,30.49416667,-81.68777778,mapbox_30.49416667_-81.68777778_1124.png
John F. Kennedy International Airport,KJFK,JFK,United States,40.64,-73.78,mapbox_40.64_-73.78_1126.png
John Glenn Columbus International Airport,KCMH,CMH,United States,39.99805556,-82.89194444,mapbox_39.99805556_-82.89194444_1127.png
John Wayne Orange County International Airport,KSNA,SNA,United States,33.67555556,-117.8683333,mapbox_33.67555556_-117.8683333_1128.png
Kansas City International Airport,KMCI,MCI,United States,39.2975,-94.71388889,mapbox_39.2975_-94.71388889_1131.png
LaGuardia Airport,KLGA,LGA,United States,40.775,-73.875,mapbox_40.775_-73.875_1134.png
Boston Logan International Airport,KBOS,BOS,United States,42.363056,-71.006389,mapbox_42.363056_-71.006389_1141.png
Los Angeles International Airport,KLAX,LAX,United States,33.9425,-118.408056,mapbox_33.9425_-118.408056_1143.png
Louis Armstrong New Orleans International Airport,KMSY,MSY,United States,29.99333333,-90.25805556,mapbox_29.99333333_-90.25805556_1144.png
Louisville Muhammad Ali International Airport,KSDF,SDF,United States,38.17416667,-85.73638889,mapbox_38.17416667_-85.73638889_1145.png
Luis Munoz Marin International Airport,TJSJ,SJU,United States,18.43916667,-66.00194444,mapbox_18.43916667_-66.00194444_1147.png
Memphis International Airport,KMEM,MEM,United States,35.0425,-89.97666667,mapbox_35.0425_-89.97666667_1151.png
Miami International Airport,KMIA,MIA,United States,25.79333333,-80.29055556,mapbox_25.79333333_-80.29055556_1152.png
Chicago Midway International Airport,KMDW,MDW,United States,41.78611111,-87.7525,mapbox_41.78611111_-87.7525_1154.png
General Mitchell International Airport,KMKE,MKE,United States,42.94722222,-87.89666667,mapbox_42.94722222_-87.89666667_1155.png
Minneapolis__aint Paul International Airport / Wold__hamberlain Field,KMSP,MSP,United States,44.88194444,-93.22166667,mapbox_44.88194444_-93.22166667_1156.png
Myrtle Beach International Airport,KMYR,MYR,United States,33.68,-78.928,mapbox_33.68_-78.928_1159.png
Nashville International Airport,KBNA,BNA,United States,36.12666667,-86.68194444,mapbox_36.12666667_-86.68194444_1160.png
Newark Liberty International Airport,KEWR,EWR,United States,40.6925,-74.1686,mapbox_40.6925_-74.1686_1162.png
Norfolk International Airport,KORF,ORF,United States,36.8947,-76.2011,mapbox_36.8947_-76.2011_1166.png
Chicago O'Hare International Airport,KORD,ORD,United States,41.97861111,-87.90472222,mapbox_41.97861111_-87.90472222_1168.png
San Francisco Bay Oakland International Airport,KOAK,OAK,United States,37.72138889,-122.2208333,mapbox_37.72138889_-122.2208333_1170.png
Ontario International Airport,KONT,ONT,United States,34.05611111,-117.6011111,mapbox_34.05611111_-117.6011111_1171.png
Orlando International Airport,KMCO,MCO,United States,28.429444,-81.308889,mapbox_28.429444_-81.308889_1172.png
Orlando Sanford International Airport,KSFB,SFB,United States,28.77777778,-81.2375,mapbox_28.77777778_-81.2375_1173.png
Pago Pago International Airport,NSTU,PPG,United States,-14.33166667,-170.7113889,mapbox_-14.33166667_-170.7113889_1174.png
Palm Beach International Airport,KPBI,PBI,United States,26.6832,-80.0956,mapbox_26.6832_-80.0956_1175.png
Palm Springs International Airport,KPSP,PSP,United States,33.82972222,-116.5066667,mapbox_33.82972222_-116.5066667_1176.png
Pensacola International Airport,KPNS,PNS,United States,30.4734,-87.1866,mapbox_30.4734_-87.1866_1178.png
Philadelphia International Airport,KPHL,PHL,United States,39.871944,-75.241111,mapbox_39.871944_-75.241111_1180.png
Phoenix Sky Harbor International Airport,KPHX,PHX,United States,33.43416667,-112.0116667,mapbox_33.43416667_-112.0116667_1181.png
Piedmont Triad International Airport,KGSO,GSO,United States,36.09777778,-79.93722222,mapbox_36.09777778_-79.93722222_1182.png
Pittsburgh International Airport,KPIT,PIT,United States,40.495997,-80.256693,mapbox_40.495997_-80.256693_1183.png
Portland International Airport,KPDX,PDX,United States,45.58861111,-122.5975,mapbox_45.58861111_-122.5975_1185.png
Portland International Jetport,KPWM,PWM,United States,43.64611111,-70.30916667,mapbox_43.64611111_-70.30916667_1186.png
Raleigh-Durham International Airport,KRDU,RDU,United States,35.87777778,-78.7875,mapbox_35.87777778_-78.7875_1189.png
Reno Tahoe International Airport,KRNO,RNO,United States,39.49916667,-119.7680556,mapbox_39.49916667_-119.7680556_1190.png
Richmond International Airport,KRIC,RIC,United States,37.505,-77.3194,mapbox_37.505_-77.3194_1191.png
Rota International Airport,PGRO,ROP,United States,14.17444444,145.2425,mapbox_14.17444444_145.2425_1197.png
Sacramento International Airport,KSMF,SMF,United States,38.69555556,-121.5908333,mapbox_38.69555556_-121.5908333_1198.png
Salt Lake City International Airport,KSLC,SLC,United States,40.78833333,-111.9777778,mapbox_40.78833333_-111.9777778_1200.png
San Antonio International Airport,KSAT,SAT,United States,29.527,-98.472,mapbox_29.527_-98.472_1201.png
San Bernardino International Airport,KSBD,SBD,United States,34.09527778,-117.235,mapbox_34.09527778_-117.235_1202.png
San Diego International Airport,KSAN,SAN,United States,32.7317,-117.1995,mapbox_32.7317_-117.1995_1203.png
San Francisco International Airport,KSFO,SFO,United States,37.61888889,-122.375,mapbox_37.61888889_-122.375_1204.png
Norman Y. Mineta San Jose International Airport,KSJC,SJC,United States,37.36277778,-121.9291667,mapbox_37.36277778_-121.9291667_1205.png
Sarasota Bradenton International Airport,KSRQ,SRQ,United States,27.39555556,-82.55444444,mapbox_27.39555556_-82.55444444_1206.png
Savannah Hilton Head International Airport,KSAV,SAV,United States,32.1275,-81.20222222,mapbox_32.1275_-81.20222222_1207.png
Seattle__acoma International Airport,KSEA,SEA,United States,47.448889,-122.309444,mapbox_47.448889_-122.309444_1209.png
Southwest Florida International Airport,KRSW,RSW,United States,26.53611111,-81.75527778,mapbox_26.53611111_-81.75527778_1211.png
St. Louis Lambert International Airport,KSTL,STL,United States,38.74722222,-90.36138889,mapbox_38.74722222_-90.36138889_1213.png
St. Petersburg Clearwater International Airport,KPIE,PIE,United States,27.91,-82.6875,mapbox_27.91_-82.6875_1214.png
Syracuse Hancock International Airport,KSYR,SYR,United States,43.11111111,-76.10638889,mapbox_43.11111111_-76.10638889_1216.png
Tampa International Airport,KTPA,TPA,United States,27.9798184,-82.534845,mapbox_27.9798184_-82.534845_1218.png
Ted Stevens Anchorage International Airport,PANC,ANC,United States,61.1742,-149.998,mapbox_61.1742_-149.998_1219.png
Tinian International Airport,PGWT,TIQ,United States,14.99916667,145.6194444,mapbox_14.99916667_145.6194444_1221.png
Tucson International Airport,KTUS,TUS,United States,32.1153,-110.931,mapbox_32.1153_-110.931_1224.png
Tulsa International Airport,KTUL,TUL,United States,36.19833333,-95.88805556,mapbox_36.19833333_-95.88805556_1225.png
Washington Dulles International Airport,KIAD,IAD,United States,38.944444,-77.455833,mapbox_38.944444_-77.455833_1228.png
Carrasco General Cesáreo L. Berisso International Airport,SUMU,MVD,Uruguay,-34.83833333,-56.03083333,mapbox_-34.83833333_-56.03083333_1237.png
Navoi International Airport,UTSA,NVI,Uzbekistan,40.11777778,65.175,mapbox_40.11777778_65.175_1243.png
Tashkent International Airport,UZTT,TAS,Uzbekistan,41.25786111,69.28118611,mapbox_41.25786111_69.28118611_1245.png
Urgench International Airport,UTNU,UGC,Uzbekistan,41.58416667,60.64166667,mapbox_41.58416667_60.64166667_1246.png
Bauerfield International Airport,NVVV,VLI,Vanuatu,-17.699167,168.319722,mapbox_-17.699167_168.319722_1247.png
Arturo Michelena International Airport,SVVA,VLN,Venezuela,10.14972222,-67.92833333,mapbox_10.14972222_-67.92833333_1249.png
General José Antonio Anzoategui International Airport,SVBC,BLA,Venezuela,10.10722222,-64.68916667,mapbox_10.10722222_-64.68916667_1250.png
Jacinto Lara International Airport,SVBM,BRM,Venezuela,10.04277778,-69.35861111,mapbox_10.04277778_-69.35861111_1252.png
La Chinita International Airport,SVMC,MAR,Venezuela,10.55805556,-71.72777778,mapbox_10.55805556_-71.72777778_1255.png
Del Caribe Santiago Mariño International Airport,SVMG,PMV,Venezuela,10.91305556,-63.9675,mapbox_10.91305556_-63.9675_1256.png
Maiquetía Simón Bolívar International Airport,SVMI,CCS,Venezuela,10.60311667,-66.99058333,mapbox_10.60311667_-66.99058333_1257.png
Cam Ranh International Airport / Cam Ranh Air Base,VVCR,CXR,Vietnam,11.99805556,109.2194444,mapbox_11.99805556_109.2194444_1259.png
Can Tho International Airport,VVCT,VCA,Vietnam,10.08527778,105.7119444,mapbox_10.08527778_105.7119444_1260.png
Cat Bi International Airport,VVCI,HPH,Vietnam,20.81916667,106.7247222,mapbox_20.81916667_106.7247222_1261.png
Da Nang International Airport,VVDN,DAD,Vietnam,16.04388889,108.1994444,mapbox_16.04388889_108.1994444_1263.png
Noi Bai International Airport,VVNB,HAN,Vietnam,21.22111111,105.8072222,mapbox_21.22111111_105.8072222_1265.png
PhÃº Quá»_ International Airport,VVPQ,PQC,Vietnam,10.17166667,103.9911111,mapbox_10.17166667_103.9911111_1267.png
Tan Son Nhat International Airport,VVTS,SGN,Vietnam,10.8188,106.652,mapbox_10.8188_106.652_1268.png
Dakhla Airport,GMMH,VIL,Western Sahara,23.71805556,-15.93194444,mapbox_23.71805556_-15.93194444_1270.png
Laayoune Hassan I International Airport,GMML,EUN,Western Sahara,27.15166667,-13.21916667,mapbox_27.15166667_-13.21916667_1271.png
Aden International Airport,OYAA,ADE,Yemen,12.82954167,45.02879167,mapbox_12.82954167_45.02879167_1273.png
Sanaa International Airport,OYSN,SAH,Yemen,15.47638889,44.21972222,mapbox_15.47638889_44.21972222_1276.png
Harry Mwanga Nkumbula International Airport,FLHN,LVI,Zambia,-17.82166667,25.82277778,mapbox_-17.82166667_25.82277778_1278.png
Kenneth Kaunda International Airport,FLKK,LUN,Zambia,-15.33055556,28.4525,mapbox_-15.33055556_28.4525_1279.png
Mfuwe International Airport,FLMF,MFU,Zambia,-13.25861111,31.93638889,mapbox_-13.25861111_31.93638889_1280.png
Simon Mwansa Kapwepwe International Airport,FLSK,NLA,Zambia,-12.961667,28.516667,mapbox_-12.961667_28.516667_1281.png
Victoria Falls International Airport,FVFA,VFA,Zimbabwe,-18.09588056,25.83900556,mapbox_-18.09588056_25.83900556_1284.png